step,fisher_value,fisher_ema,z_score,gate_value,action
0,,0.0,,1.0,warmup
1,164.8667755126953,164.8667755126953,0.0,0.5833863615989685,rand
2,507.3336868286133,199.11346664428712,2.999999999708001,0.5321578979492188,rand
3,521.2131195068359,231.323431930542,2.112143184499578,0.558348536491394,rand
4,533.8771705627441,261.5788057937622,1.7155885798335837,0.5573300123214722,rand
5,500.4162933349609,285.4625545478821,1.2890501395825462,0.24548186361789703,rand
6,460.1576614379883,302.93206523689275,0.9434391642690445,0.4535522162914276,rand
7,527.4199632917132,325.38085504237483,1.1756996327986666,0.9009836316108704,rand
8,475.9590768814087,340.43867722627823,0.8010893094945,0.3456994593143463,rand
9,474.4064949883355,353.83545900248396,0.7287693919135827,0.6134072542190552,rand
10,472.4298927307129,365.6949023753068,0.6632116298622477,0.5664424300193787,rand
11,475.21471405029297,376.6468835428054,0.6311448543804896,0.6306263208389282,rand
12,474.8479773203532,386.4669929205602,0.5850744535410106,0.691972553730011,rand
13,460.6372428307167,393.8840179115759,0.4602887757838643,0.7521832585334778,rand
14,466.9196673801967,401.18758285843796,0.4718192352637042,0.15580227971076965,rand
15,466.30240936279296,407.69906550887345,0.43863857579236587,0.27111756801605225,rand
16,446.6115574836731,411.5903147063534,0.2751442518473682,0.7227155566215515,rand
17,447.1682277006262,415.1481060057807,0.2641439284590737,0.789536714553833,rand
18,445.066093020969,418.1399047072995,0.23342781874390908,0.6936394572257996,rand
19,438.1144654123407,420.1373607778036,0.1640310534080679,0.31737998127937317,rand
20,437.69485969543456,421.8931106695667,0.15178667326212703,0.3206857144832611,rand
21,429.7164557320731,422.67544517581734,0.07127211197803099,0.7945458292961121,rand
22,419.4105533253063,422.3489559907663,-0.03135096921698844,0.6651481986045837,rand
23,422.7876165638799,422.3928220480777,0.004440062087295128,0.41878604888916016,rand
24,416.1167910893758,421.76521895220753,-0.06694468578965125,0.6888972520828247,rand
25,412.06866973876953,420.7955640308638,-0.10895329769766149,0.569918692111969,rand
26,411.6330909729004,419.87931672506744,-0.1084502779867827,0.5140371918678284,rand
27,461.2933725427698,424.0207223068377,0.5092094602622789,0.6277827024459839,rand
28,554.2894431522915,437.0475943913831,1.471359540667791,0.4406912922859192,rand
29,542.3102940526502,447.5738643575098,1.1563877362785702,0.4875267744064331,rand
30,530.4395449320475,455.8604324149636,0.9139666507332589,0.6286283731460571,rand
31,550.7542904269311,465.34981821616043,1.0354492400520283,0.4978753328323364,rand
32,553.4794461650233,474.1627810110467,0.9603206385289331,0.6745991110801697,rand
33,541.278185690603,480.8743214790024,0.7466384676290642,0.5332363843917847,rand
34,527.6459623767483,485.55148556877697,0.5395233681167498,0.7034910321235657,rand
35,525.6471505934193,489.56105207124125,0.48121972915891525,0.2658707797527313,rand
36,542.3481797249086,494.839764836608,0.6518546311931913,0.29136815667152405,rand
37,559.0902884698684,501.2648171999341,0.8056118682832202,0.5373750925064087,rand
38,547.9115204349641,505.9294875234371,0.603901915762279,0.4479656219482422,rand
39,553.0968559019027,510.64622436128366,0.6293506901240092,0.4044346511363983,rand
40,552.0188096569431,514.7834828908497,0.5712456107765409,0.7293323278427124,rand
41,575.0450360698085,520.8096382087456,0.8418220116143578,0.6148873567581177,rand
42,575.0193796465473,526.2306123525258,0.7714041629914206,0.448945552110672,rand
43,574.2419413904989,531.0317452563231,0.7002630975035512,0.32280582189559937,rand
44,597.4952855263987,537.6780992833307,0.9672629809733309,0.5894857048988342,rand
45,597.5926070674773,543.6695500617453,0.8788000680110342,0.8721272349357605,rand
46,621.6259982201361,551.4651948775844,1.1183964005111933,0.44389045238494873,rand
47,635.6499358146422,559.8836689712901,1.1719250442669364,0.4153972268104553,rand
48,629.6244260726437,566.8577446814255,0.9685650934608963,0.5754231810569763,rand
49,640.1927785565777,574.1912480689407,1.010801316702745,0.33425256609916687,rand
50,646.8260025516634,581.454723517213,0.9955073411471967,0.2447672039270401,rand
51,673.9568835842994,590.7049395239217,1.2207404489061333,0.42904341220855713,rand
52,669.3882776075794,598.5732733322875,1.0282440282833436,0.250957727432251,rand
53,667.8460732736895,605.5005533264277,0.9093414896081992,0.7567793130874634,rand
54,657.9826354980469,610.7487615435897,0.705811950959176,0.6811898946762085,rand
55,654.5337721301663,615.1272626022474,0.607827076413497,0.02674056962132454,rand
56,673.1771515877016,620.9322515007929,0.817312437597948,0.5047875642776489,rand
57,682.3770564909904,627.0767319998126,0.8724897695167426,0.5262690186500549,rand
58,657.4595720844884,630.1150160082802,0.44962352764982744,0.7231898903846741,rand
59,564.2962951660156,623.5331439240539,-0.9713990315753792,0.361887663602829,rand
60,564.2977683774886,617.6096063693973,-0.8809040908022246,0.361087441444397,rand
61,575.148905108052,613.3635362432628,-0.6497991030922015,0.8317440748214722,rand
62,551.9956251575101,607.2267451346876,-0.9400871444173058,0.5278427004814148,rand
63,551.167984501008,601.6208690713196,-0.8666179963608247,0.49020203948020935,rand
64,549.1260897728705,596.3713911414746,-0.8226309144658471,0.803947925567627,rand
65,547.4698850570187,591.4812405330291,-0.779994008227732,0.34172624349594116,rand
66,534.4661909534085,585.779735575067,-0.9131171286394639,0.7021601796150208,rand
67,509.290539649225,578.1308159824828,-1.186064822789654,0.16423840820789337,rand
68,508.53469996298514,571.171204380533,-1.0636546188962963,0.19858865439891815,rand
69,507.76326677876136,564.8304106203559,-0.9669801683975474,0.44060078263282776,rand
70,511.9779264388546,559.5451622022058,-0.8174576959571433,0.3763686418533325,rand
71,510.56368870888986,554.6470148528742,-0.7716935601606456,0.07761777192354202,rand
72,505.47038958149574,549.7293523257364,-0.7880009662355333,0.28259962797164917,rand
73,497.08009535266507,544.4644266284292,-0.8526105952236254,0.4666777551174164,rand
74,501.87568959882185,540.2055529254685,-0.7065460040105186,0.5845520496368408,rand
75,472.38307460661855,533.4233050935835,-1.1029686807401944,0.4821147620677948,rand
76,458.71829395909464,525.9528039801346,-1.1777932202924697,0.4772930145263672,rand
77,437.6142073600523,517.1189443181264,-1.3186520349607533,0.20921027660369873,rand
78,435.25411372030936,508.9324612583447,-1.1836240216287435,0.36758700013160706,rand
79,434.52339492305634,501.4915546248159,-1.0607643933210602,0.633462131023407,rand
80,421.80406607350994,493.5228057696853,-1.1121401892113607,0.6554456949234009,rand
81,429.132445058515,487.0837696985683,-0.9032997106981195,0.31206536293029785,rand
82,409.9943146244172,479.37482419115315,-1.0656101484372393,0.2878524661064148,rand
83,421.7328838225334,473.6106301542912,-0.8087886120119677,0.4351853132247925,rand
84,426.7378980575069,468.92335694461275,-0.675458407147462,0.36667439341545105,rand
85,437.259401136829,465.75696136383436,-0.4749098950671469,0.8925829529762268,rand
86,445.2407125657605,463.705336484027,-0.32247725476454964,0.15293020009994507,rand
87,427.2940504012569,460.06420787575,-0.5914360597967584,0.5411900281906128,rand
88,420.19012525004723,456.07679961317973,-0.665697396900148,0.8294689059257507,rand
89,400.94576214205836,450.56369586606763,-0.9231260577786543,0.6102732419967651,rand
90,407.0546636273784,446.2127926421987,-0.7439458061639646,0.508256733417511,rand
91,412.50279555782197,442.841792933761,-0.5954846596323936,0.8100380897521973,rand
92,402.22168731689453,438.77978237207435,-0.7334146079368784,0.3332401514053345,rand
93,396.45684199179374,434.5474883340463,-0.777941916677258,0.7304024696350098,rand
94,394.778434261199,430.57058292676163,-0.7463160863389142,0.6486421227455139,rand
95,393.88682777650894,426.90220741173636,-0.7053146986205366,0.6849008798599243,rand
96,404.1880938622259,424.63079605678536,-0.4550194013970494,0.424844890832901,rand
97,450.07747010261784,427.1754634613686,0.5289164124494806,0.21835091710090637,rand
98,454.45277872393206,429.903194987625,0.5861184899350936,0.38325580954551697,rand
99,447.98631262010144,431.7115067508726,0.4058127067352717,0.915594756603241,rand
100,444.86163945351876,433.02652002113723,0.30941328718491756,0.7141712307929993,rand
101,451.67212824667655,434.8910808436912,0.4570509223706636,0.3445776700973511,rand
102,450.8181420603106,436.4837869653532,0.4077126886301418,0.6706924438476562,rand
103,431.43441797071887,435.9788500658898,-0.13610904731557927,0.5986823439598083,rand
104,441.9080291255828,436.5717679718591,0.1682052252417356,0.23077833652496338,rand
105,464.4519232473066,439.3597834994039,0.8032750950048678,0.39657601714134216,rand
106,469.54678098617063,442.37848324808056,0.8767596246469008,0.2327423095703125,rand
107,496.208976499496,447.7615325732221,1.4444371232946123,0.2818986773490906,rand
108,486.5059351767263,451.6359728335725,1.0293414646615469,0.5532479882240295,rand
109,480.82425123645413,454.55480067386065,0.7886553210386781,0.2168341726064682,rand
110,479.18229183073964,457.0175497895485,0.6829993928789679,0.33365997672080994,rand
111,477.6206610894972,459.0778609195434,0.5905149965775455,0.36913084983825684,rand
112,459.73758033014116,459.1438328606032,0.019930883272153227,0.5831023454666138,rand
113,466.3504402406754,459.86449359861047,0.22882834975589628,0.5614223480224609,rand
114,455.8208741218813,459.46013165093757,-0.13520305225352952,0.5081070065498352,rand
115,510.31544100853705,464.5456625866975,1.538677766598384,0.6000534892082214,rand
116,500.9916780533329,468.1902641333611,1.0838486642400602,0.8345354795455933,rand
117,507.1190377512286,472.08314149514786,1.1303666376635757,0.5970419645309448,rand
118,506.2017718899635,475.49500453462946,0.9862413210246377,0.44651055335998535,rand
119,508.9569401894846,478.841198100115,0.9653519409551575,0.7799060344696045,rand
120,524.9203584732547,483.449114137429,1.2695918318456592,0.4212103486061096,rand
121,547.061510147587,489.8103537384448,1.5731120651561576,0.3946246802806854,rand
122,592.5602116738596,500.0853395319863,1.9979824165876319,0.3773784339427948,rand
123,592.5767364501953,509.3344792238072,1.6026161090524405,0.4673786759376526,rand
124,586.4245014805948,517.043481449486,1.2746061332775238,0.7270216345787048,rand
125,583.5951685751638,523.6986501620538,1.0818438178296204,0.6447353959083557,rand
126,595.8704745384955,530.915832599698,1.1433326900468581,0.1865881085395813,rand
127,600.2695489698841,537.8512042367166,1.0804093757881712,0.3834632337093353,rand
128,563.2483540196573,540.3909192150107,0.4130722010595773,0.840770423412323,rand
129,562.5980131087765,542.6116286043873,0.3776956755521369,0.5027406215667725,rand
130,562.0452629827683,544.5549920422254,0.3460779348236311,0.5361071825027466,rand
131,549.3577504311838,545.0352678811213,0.09011422457149394,0.7827568054199219,rand
132,543.2567529985981,544.8574163928689,-0.035172967327928316,0.16865338385105133,rand
133,550.7476233205488,545.446437085637,0.12268665655679087,0.2563920319080353,rand
134,540.8331394810831,544.9851073251816,-0.10123008661451079,0.5263597965240479,rand
135,531.6357074860604,543.6501673412695,-0.30714991360080707,0.8780276775360107,rand
136,500.90077627858807,539.3752282350014,-0.9799339355323573,0.7446548938751221,rand
137,501.692500698951,535.6069554813964,-0.8712717387170092,0.14958320558071136,rand
138,487.2054814984721,530.766808083104,-1.0978166743797368,0.5459032654762268,rand
139,495.1447977865896,527.2046070534526,-0.8192896021676528,0.4610162675380707,rand
140,502.45215705133256,524.7293620532406,-0.5884326970137226,0.3389330506324768,rand
141,499.2548766597625,522.1819135138928,-0.6243770851863002,0.7709184885025024,rand
142,493.7841779647335,519.3421399589769,-0.712672860443759,0.6883441805839539,rand
143,506.10497333157446,518.0184232962366,-0.34780975481578247,0.3917262554168701,rand
144,489.0018554195281,515.1167665085658,-0.7762866766016148,0.6223641037940979,rand
145,494.4574488978232,513.0508347474915,-0.5719157193138299,0.31905099749565125,rand
146,438.4036178588867,505.58611305863104,-1.762627946123908,0.7308446168899536,rand
147,439.50897241407824,498.9783989941758,-1.4421621485146818,0.2933270335197449,rand
148,459.9372541366085,495.07428450841905,-0.8604453333828866,0.6788731813430786,rand
149,464.7148764825636,492.03834370583354,-0.686579182741394,0.20791473984718323,rand
150,466.81839604531564,489.5163489397817,-0.5894813929600913,0.6558709740638733,rand
151,449.0203623617849,485.46675028198206,-0.9467515808060094,0.7241688370704651,rand
152,427.43451739895727,479.6635269936796,-1.2909391396458398,0.7328183054924011,rand
153,378.15810886506114,469.51298518081774,-1.8645882355205259,0.491582989692688,rand
154,376.38468613163116,460.2001552758991,-1.5455302228174734,0.26718106865882874,rand
155,385.32833148587133,452.7129728968963,-1.200351398933219,0.22591592371463776,rand
156,394.1689307920394,446.8585686864106,-0.9395785608981778,0.25980889797210693,rand
157,377.4671800674931,439.91942982451883,-1.093195403610017,0.14854279160499573,rand
158,375.5678959508096,433.4842764371479,-1.0066759129818683,0.40752315521240234,rand
159,373.7365390408424,427.50950269751735,-0.936031653972835,0.3985007107257843,rand
160,425.28978532360446,427.28753096012605,-0.03665330003166717,0.28910237550735474,rand
161,413.0715265581685,425.8659305199303,-0.2466036175828552,0.6182377934455872,rand
162,448.2954377205141,428.1088812399887,0.4063492393366485,0.9251929521560669,rand
163,441.5366944343813,429.451662559428,0.25549536483557317,0.31597113609313965,rand
164,430.6204144877772,429.5685377522629,0.023440429403068907,0.5382140874862671,rand
165,433.0807155486076,429.91975553189735,0.07422761120559491,0.7903397679328918,rand
166,432.8356042677356,430.2113404054812,0.06494279025253002,0.30951687693595886,rand
167,430.3461229878087,430.22481866371396,0.003164304217400079,0.9490475058555603,rand
168,461.176503335276,433.3199871308702,0.7421543110640498,0.31034183502197266,rand
169,511.9759772516066,441.18558614294386,1.6571798521561383,0.3619494140148163,rand
170,502.8649715300529,447.3535246816548,1.2460525096624728,0.49332505464553833,rand
171,493.79385474420366,451.9975576879097,0.939225260115829,0.17566949129104614,rand
172,517.2579242337134,458.52359434249007,1.2621284818134042,0.10157045722007751,rand
173,524.3277341781125,465.1040083260523,1.2246268260489386,0.5516589879989624,rand
174,510.55216389317667,469.6488238827647,0.8546094268644754,0.12085509300231934,rand
175,507.8973511726625,473.4736766117545,0.7350249630694593,0.45470988750457764,rand
176,526.2345034691596,478.749759297495,1.0067743263523352,0.605387806892395,rand
177,544.0752745597594,485.28231082372145,1.203578861536995,0.5632960200309753,rand
178,556.9575406966671,492.449833811016,1.2626949915722838,0.5165387392044067,rand
179,545.8926839520855,497.79411882512295,0.9422083570062948,0.21918706595897675,rand
180,554.7327915314705,503.4879860957577,0.997887726574189,0.6609245538711548,rand
181,555.5702430971207,508.69621179589404,0.916184294974052,0.26889950037002563,rand
182,569.4345274894469,514.7700433652493,1.0543956587850438,0.4938890039920807,rand
183,605.8863156226373,523.881670590988,1.4573564191381645,0.5620960593223572,rand
184,610.153817945911,532.5088853264804,1.3088007315607344,0.1478312611579895,rand
185,608.5169854933216,540.1096953431645,1.1265152994002472,0.46731826663017273,rand
186,604.1065422796433,546.5093800368124,0.9485152956957779,0.8081178069114685,rand
187,598.5825864730343,551.7167006804347,0.7851813982878169,0.46147868037223816,rand
188,644.0846892326109,560.9534995356523,1.3186700578837247,0.4291459619998932,rand
189,669.3321159116683,571.7913611732539,1.4328801139601666,0.46532049775123596,rand
190,661.0281153032856,580.7150365862572,1.1488248359920388,0.29815226793289185,rand
191,605.394418285739,583.1829747562053,0.3328385391949666,0.3690190613269806,rand
192,603.0811873405211,585.1727960146369,0.28162425698341487,0.26036974787712097,rand
193,588.9730074482579,585.552817157999,0.05668458341313041,0.7783604264259338,rand
194,602.1912352038968,587.2166589625888,0.26061715043696665,0.6136534214019775,rand
195,608.2767804053522,589.3226711068652,0.34540828718758526,0.4218817949295044,rand
196,613.9286836193454,591.7832723581132,0.42118128329993704,0.6337279677391052,rand
197,636.7882308959961,596.2837682119016,0.783815104077046,0.5092297792434692,rand
198,630.7110669535975,599.7264980860712,0.618450336538483,0.30729296803474426,rand
199,607.8844028595955,600.5422885634237,0.15427099321946114,0.5030169486999512,rand
200,557.2802631009009,596.2160860171714,-0.8288026380767478,0.34530434012413025,rand
201,559.6551178962953,592.5599892050839,-0.7169214467251505,0.6551147699356079,rand
202,560.3319810436618,589.3371883889417,-0.6503022468271782,0.3551705777645111,rand
203,543.0300676899571,584.7064763190433,-0.9357930267081328,0.6760075688362122,rand
204,574.4140408423639,583.6772327713754,-0.2186614616783789,0.5180705785751343,rand
205,573.8858302947013,582.698092523708,-0.21868591109964425,0.865145206451416,rand
206,584.8360807357296,582.9118913449103,0.050326744174409924,0.40263620018959045,rand
207,566.8787009946761,581.3085723098869,-0.3943727313168331,0.6816461682319641,rand
208,553.9130559121409,578.5690206701123,-0.6911956707066118,0.14198069274425507,rand
209,550.0384378740864,575.7159623905097,-0.7356074625525021,0.3538739085197449,rand
210,530.0561095206969,571.1499771035285,-1.1467041491303458,0.6622138619422913,rand
211,547.1560555734942,568.7505849505251,-0.6214045300188654,0.5045704245567322,rand
212,541.5711133403163,566.0326377895042,-0.7202782702392427,0.48774442076683044,rand
213,537.2523759411228,563.154611604666,-0.7765556958242946,0.5441163182258606,rand
214,495.1098465458039,556.3501350987798,-1.626279536490981,0.696775496006012,rand
215,513.7756721742692,552.0926888063287,-1.0099680344460473,0.1182863637804985,rand
216,513.7810393302672,548.2615238587226,-0.9126036079070221,0.3642568588256836,rand
217,546.0146243187689,548.0368339047272,-0.056407512572891595,0.1679278016090393,rand
218,550.035900485131,548.2367405627676,0.05289221912584969,0.7106186151504517,rand
219,532.5193501134073,546.6650015178317,-0.4337468627949701,0.343049019575119,rand
220,502.18626157699094,542.2171275237476,-1.1880734939364355,0.5546193718910217,rand
221,511.1858926588489,539.1140040372578,-0.8388608583450039,0.63291335105896,rand
222,532.9177046745054,538.4943741009826,-0.17625893397430373,0.11337224394083023,rand
223,539.3240034041867,538.5773370313029,0.02487520370970975,0.5583422183990479,rand
224,528.7729248539094,537.5968958135636,-0.3082324787255257,0.4156394898891449,rand
225,515.0787754674112,535.3450837789484,-0.7241552278278122,0.7344162464141846,rand
226,523.3157424926758,534.1421496503211,-0.40405903201044985,0.7587435245513916,rand
227,527.6338784002488,533.4913225253139,-0.2297576381976036,0.4861050546169281,rand
228,512.3249341903195,531.3746836918144,-0.7618244379993122,0.4109981954097748,rand
229,518.6719916559035,530.1044144882234,-0.47582801779331435,0.7513254880905151,rand
230,508.28736237556706,527.9227092769577,-0.8279882684361751,0.3343246281147003,rand
231,521.817381828062,527.3121765320681,-0.24343403414806952,0.5372242331504822,rand
232,520.5067557058027,526.6316344494415,-0.28473515355312995,0.26874786615371704,rand
233,560.0588501961,529.9743560241075,1.323105770539166,0.18215559422969818,rand
234,562.560559180475,533.2329763397443,1.238351004969828,0.5019846558570862,rand
235,526.6261700045678,532.5722957062267,-0.26363126862264274,0.6956458687782288,rand
236,553.9797574935421,534.7130418849582,0.8624202346502956,0.2630838453769684,rand
237,564.3131019838395,537.6730478948464,1.1593218832389445,0.8550547957420349,rand
238,600.1048086843183,543.9162239737935,1.9550200142677077,0.5608507394790649,rand
239,645.0802666448777,554.0326282409019,2.231654810837878,0.8080264925956726,rand
240,631.8197558003087,561.8113409968425,1.5490165459964926,0.3303320109844208,rand
241,627.9580486666772,568.4260117638261,1.2600547772721657,0.7928445935249329,rand
242,591.9126163605721,570.7746722235007,0.46588544551774425,0.6279611587524414,rand
243,606.7199982673891,574.3692048278896,0.7290569495723868,0.43437260389328003,rand
244,598.8697175056703,576.8192560956676,0.5160025560675167,0.41858553886413574,rand
245,603.8728642617502,579.5246169122759,0.588907956607506,0.4082408845424652,rand
246,617.4655550064579,583.3187107216941,0.8360877686944637,0.36649009585380554,rand
247,620.631354547316,587.0499751042563,0.8326658158235537,0.7993773221969604,rand
248,583.2960011882167,586.6745777126523,-0.08826665128941574,0.3214329779148102,rand
249,575.4806694522981,585.555186886617,-0.27625913609958214,0.07111780345439911,rand
250,561.2676173794654,583.1264299359018,-0.618263222872091,0.5254224538803101,rand
251,570.3924165541126,581.8530285977229,-0.339495930249578,0.8146831393241882,rand
252,568.2285282996393,580.4905785679146,-0.37980439327629184,0.5733209848403931,rand
253,558.4449786524618,578.2860185763693,-0.6332046531074371,0.5587831735610962,rand
254,573.6302794179609,577.8204446605284,-0.14080260772088576,0.5609514713287354,rand
255,562.8377672010853,576.3221769145841,-0.47168781765164,0.6562706828117371,rand
