step,token,entropy,fisher_trace,temperature,top_p,action
0,To,0.37158872,,0.6000,0.9200,hold
1, prove,0.06831439,,0.6000,0.9200,hold
2, that,0.02657700,,0.6000,0.9200,hold
3, the,0.23346723,,0.6000,0.9200,hold
4, square,0.00515087,,0.6000,0.9200,hold
5, root,0.00026891,,0.6000,0.9200,hold
6, of,0.00026670,,0.6000,0.9200,hold
7, ,0.05584051,,0.6000,0.9200,hold
8,2,0.00001403,,0.6000,0.9200,hold
9, (\,0.67508658,,0.6000,0.9200,hold
10,(\,0.20976091,,0.6000,0.9200,hold
11,sqrt,0.00216307,,0.6000,0.9200,hold
12,{,0.00196332,,0.6000,0.9200,hold
13,2,0.00008132,,0.6000,0.9200,hold
14,}\,0.00013760,,0.6000,0.9200,hold
15,)),0.00170227,,0.6000,0.9200,hold
16, is,0.00013944,,0.6000,0.9200,hold
17, irrational,0.04184710,,0.6000,0.9200,hold
18,",",0.04486549,,0.6000,0.9200,hold
19, we,0.07245372,,0.6000,0.9200,hold
20, will,1.19878630,,0.6000,0.9200,hold
21, use,0.34764059,,0.6000,0.9200,hold
22, a,0.48977858,,0.6000,0.9200,hold
23, proof,0.75299860,,0.6000,0.9200,hold
24, by,0.06269386,,0.6000,0.9200,hold
25, contradiction,0.00793925,,0.6000,0.9200,hold
26,.,0.45418233,,0.6000,0.9200,hold
27, This,1.26316168,,0.6000,0.9200,hold
28, means,1.03668388,,0.6000,0.9200,hold
29, we,0.33431784,,0.6000,0.9200,hold
30, assume,0.97861006,,0.6000,0.9200,hold
31, the,0.46113588,345.93585109,0.5200,0.8800,focus_down
