file,q_label,topology,epsilon,ln_epsilon,N_star_epsilon,exp_tau,exp_A
14q_readout_raw_data.txt,14q,1D_Snake,1e-08,-18.420680743952367,493893.0948527904,39682.72451331901,0.0025424356907626
14q_readout_raw_data.txt,14q,1D_Snake,1e-06,-13.815510557964274,311147.39502527483,39682.72451331901,0.0025424356907626
14q_readout_raw_data.txt,14q,1D_Snake,0.0001,-9.210340371976182,128401.69519775934,39682.72451331901,0.0025424356907626
14q_readout_raw_data.txt,14q,1D_Snake,0.001,-6.907755278982137,37028.84528400162,39682.72451331901,0.0025424356907626
14q_readout_raw_data.txt,14q,1D_Snake,0.01,-4.605170185988091,,39682.72451331901,0.0025424356907626
18q_readout_raw_data.txt,18q,1D_Snake,1e-08,-18.420680743952367,363843.4973579174,29638.76033260405,0.0021447212781186
18q_readout_raw_data.txt,18q,1D_Snake,1e-06,-13.815510557964274,227351.96192456267,29638.76033260405,0.0021447212781186
18q_readout_raw_data.txt,18q,1D_Snake,0.0001,-9.210340371976182,90860.426491208,29638.76033260405,0.0021447212781186
18q_readout_raw_data.txt,18q,1D_Snake,0.001,-6.907755278982137,22614.65877453068,29638.76033260405,0.0021447212781186
18q_readout_raw_data.txt,18q,1D_Snake,0.01,-4.605170185988091,,29638.76033260405,0.0021447212781186
22q_readout_raw_data.txt,22q,1D_Snake,1e-08,-18.420680743952367,296056.9348292237,23542.22637977148,0.0028940165402672
22q_readout_raw_data.txt,22q,1D_Snake,1e-06,-13.815510557964274,187640.97579331772,23542.22637977148,0.0028940165402672
22q_readout_raw_data.txt,22q,1D_Snake,0.0001,-9.210340371976182,79225.01675741174,23542.22637977148,0.0028940165402672
22q_readout_raw_data.txt,22q,1D_Snake,0.001,-6.907755278982137,25017.03723945876,23542.22637977148,0.0028940165402672
22q_readout_raw_data.txt,22q,1D_Snake,0.01,-4.605170185988091,,23542.22637977148,0.0028940165402672
28q_readout_raw_data.txt,28q,1D_Snake,1e-08,-18.420680743952367,289182.2024953159,22792.63722560116,0.0032368532401592
28q_readout_raw_data.txt,28q,1D_Snake,1e-06,-13.815510557964274,184218.22908393512,22792.63722560116,0.0032368532401592
28q_readout_raw_data.txt,28q,1D_Snake,0.0001,-9.210340371976182,79254.2556725543,22792.63722560116,0.0032368532401592
28q_readout_raw_data.txt,28q,1D_Snake,0.001,-6.907755278982137,26772.268966863918,22792.63722560116,0.0032368532401592
28q_readout_raw_data.txt,28q,1D_Snake,0.01,-4.605170185988091,,22792.63722560116,0.0032368532401592
32q_readout_raw_data.txt,32q,1D_Snake,1e-08,-18.420680743952367,248642.93801752667,19739.070215151118,0.0029551853285736
32q_readout_raw_data.txt,32q,1D_Snake,1e-06,-13.815510557964274,157741.16036358717,19739.070215151118,0.0029551853285736
32q_readout_raw_data.txt,32q,1D_Snake,0.0001,-9.210340371976182,66839.38270964769,19739.070215151118,0.0029551853285736
32q_readout_raw_data.txt,32q,1D_Snake,0.001,-6.907755278982137,21388.493882677965,19739.070215151118,0.0029551853285736
32q_readout_raw_data.txt,32q,1D_Snake,0.01,-4.605170185988091,,19739.070215151118,0.0029551853285736
47q_readout_raw_data.txt,47q,1D_Snake,1e-08,-18.420680743952367,294693.0256934628,23553.06720074962,0.0027154270621238
47q_readout_raw_data.txt,47q,1D_Snake,1e-06,-13.815510557964274,186227.14283199664,23553.06720074962,0.0027154270621238
47q_readout_raw_data.txt,47q,1D_Snake,0.0001,-9.210340371976182,77761.25997053047,23553.06720074962,0.0027154270621238
47q_readout_raw_data.txt,47q,1D_Snake,0.001,-6.907755278982137,23528.31853979742,23553.06720074962,0.0027154270621238
47q_readout_raw_data.txt,47q,1D_Snake,0.01,-4.605170185988091,,23553.06720074962,0.0027154270621238
12q_readout_raw_data.txt,12q,2D_Block,1e-08,-18.420680743952367,354725.82300439716,28740.655243140704,0.0022918874933099
12q_readout_raw_data.txt,12q,2D_Block,1e-06,-13.815510557964274,222370.21435292324,28740.655243140704,0.0022918874933099
12q_readout_raw_data.txt,12q,2D_Block,0.0001,-9.210340371976182,90014.60570144933,28740.655243140704,0.0022918874933099
12q_readout_raw_data.txt,12q,2D_Block,0.001,-6.907755278982137,23836.801375712406,28740.655243140704,0.0022918874933099
12q_readout_raw_data.txt,12q,2D_Block,0.01,-4.605170185988091,,28740.655243140704,0.0022918874933099
16q_readout_raw_data.txt,16q,2D_Block,1e-08,-18.420680743952367,364483.3900271868,28941.81378356717,0.0029468461112487
16q_readout_raw_data.txt,16q,2D_Block,1e-06,-13.815510557964274,231201.41206268396,28941.81378356717,0.0029468461112487
16q_readout_raw_data.txt,16q,2D_Block,0.0001,-9.210340371976182,97919.4340981812,28941.81378356717,0.0029468461112487
16q_readout_raw_data.txt,16q,2D_Block,0.001,-6.907755278982137,31278.44511592986,28941.81378356717,0.0029468461112487
16q_readout_raw_data.txt,16q,2D_Block,0.01,-4.605170185988091,,28941.81378356717,0.0029468461112487
20q_readout_raw_data.txt,20q,2D_Block,1e-08,-18.420680743952367,383219.4957596947,30572.900483575635,0.002777880387302
20q_readout_raw_data.txt,20q,2D_Block,1e-06,-13.815510557964274,242426.08595355126,30572.900483575635,0.002777880387302
20q_readout_raw_data.txt,20q,2D_Block,0.0001,-9.210340371976182,101632.67614740784,30572.900483575635,0.002777880387302
20q_readout_raw_data.txt,20q,2D_Block,0.001,-6.907755278982137,31235.971244336146,30572.900483575635,0.002777880387302
20q_readout_raw_data.txt,20q,2D_Block,0.01,-4.605170185988091,,30572.900483575635,0.002777880387302
30q_readout_raw_data.txt,30q,2D_Block,1e-08,-18.420680743952367,266780.720457851,21028.122945188723,0.0032346744388685
30q_readout_raw_data.txt,30q,2D_Block,1e-06,-13.815510557964274,169942.63560337576,21028.122945188723,0.0032346744388685
30q_readout_raw_data.txt,30q,2D_Block,0.0001,-9.210340371976182,73104.55074890054,21028.122945188723,0.0032346744388685
30q_readout_raw_data.txt,30q,2D_Block,0.001,-6.907755278982137,24685.508321662954,21028.122945188723,0.0032346744388685
30q_readout_raw_data.txt,30q,2D_Block,0.01,-4.605170185988091,,21028.122945188723,0.0032346744388685
34q_readout_raw_data.txt,34q,2D_Block,1e-08,-18.420680743952367,221581.9832487329,17501.296431762967,0.0031517700244773
34q_readout_raw_data.txt,34q,2D_Block,1e-06,-13.815510557964274,140985.53470503827,17501.296431762967,0.0031517700244773
34q_readout_raw_data.txt,34q,2D_Block,0.0001,-9.210340371976182,60389.08616134371,17501.296431762967,0.0031517700244773
34q_readout_raw_data.txt,34q,2D_Block,0.001,-6.907755278982137,20090.861889496427,17501.296431762967,0.0031517700244773
34q_readout_raw_data.txt,34q,2D_Block,0.01,-4.605170185988091,,17501.296431762967,0.0031517700244773
39q_readout_raw_data.txt,39q,2D_Block,1e-08,-18.420680743952367,264828.0208769627,20961.3126774084,0.0030685586246635
39q_readout_raw_data.txt,39q,2D_Block,1e-06,-13.815510557964274,168297.60867578728,20961.3126774084,0.0030685586246635
39q_readout_raw_data.txt,39q,2D_Block,0.0001,-9.210340371976182,71767.19647461186,20961.3126774084,0.0030685586246635
39q_readout_raw_data.txt,39q,2D_Block,0.001,-6.907755278982137,23501.99037402418,20961.3126774084,0.0030685586246635
39q_readout_raw_data.txt,39q,2D_Block,0.01,-4.605170185988091,,20961.3126774084,0.0030685586246635
40q_readout_raw_data.txt,40q,2D_Block,1e-08,-18.420680743952367,218367.78517530055,17052.55746102911,0.0036424205973249
40q_readout_raw_data.txt,40q,2D_Block,1e-06,-13.815510557964274,139837.85596092045,17052.55746102911,0.0036424205973249
40q_readout_raw_data.txt,40q,2D_Block,0.0001,-9.210340371976182,61307.92674654039,17052.55746102911,0.0036424205973249
40q_readout_raw_data.txt,40q,2D_Block,0.001,-6.907755278982137,22042.96213935038,17052.55746102911,0.0036424205973249
40q_readout_raw_data.txt,40q,2D_Block,0.01,-4.605170185988091,,17052.55746102911,0.0036424205973249
41q_readout_raw_data.txt,41q,2D_Block,1e-08,-18.420680743952367,189529.77394313947,14771.884751343618,0.0037341270064424
41q_readout_raw_data.txt,41q,2D_Block,1e-06,-13.815510557964274,121502.73069539969,14771.884751343618,0.0037341270064424
41q_readout_raw_data.txt,41q,2D_Block,0.0001,-9.210340371976182,53475.68744765993,14771.884751343618,0.0037341270064424
41q_readout_raw_data.txt,41q,2D_Block,0.001,-6.907755278982137,19462.16582379007,14771.884751343618,0.0037341270064424
41q_readout_raw_data.txt,41q,2D_Block,0.01,-4.605170185988091,,14771.884751343618,0.0037341270064424
42q_readout_raw_data.txt,42q,2D_Block,1e-08,-18.420680743952367,283727.59197824716,22408.020936089822,0.0031548815701568
42q_readout_raw_data.txt,42q,2D_Block,1e-06,-13.815510557964274,180534.84203636931,22408.020936089822,0.0031548815701568
42q_readout_raw_data.txt,42q,2D_Block,0.0001,-9.210340371976182,77342.0920944915,22408.020936089822,0.0031548815701568
42q_readout_raw_data.txt,42q,2D_Block,0.001,-6.907755278982137,25745.717123552604,22408.020936089822,0.0031548815701568
42q_readout_raw_data.txt,42q,2D_Block,0.01,-4.605170185988091,,22408.020936089822,0.0031548815701568
43q_readout_raw_data.txt,43q,2D_Block,1e-08,-18.420680743952367,257274.2050251745,20285.778188054337,0.0032205940088936
43q_readout_raw_data.txt,43q,2D_Block,1e-06,-13.815510557964274,163854.7441139791,20285.778188054337,0.0032205940088936
43q_readout_raw_data.txt,43q,2D_Block,0.0001,-9.210340371976182,70435.28320278373,20285.778188054337,0.0032205940088936
43q_readout_raw_data.txt,43q,2D_Block,0.001,-6.907755278982137,23725.55274718606,20285.778188054337,0.0032205940088936
43q_readout_raw_data.txt,43q,2D_Block,0.01,-4.605170185988091,,20285.778188054337,0.0032205940088936
44q_readout_raw_data.txt,44q,2D_Block,1e-08,-18.420680743952367,310991.7825682295,24691.71657517877,0.0029507484013926
44q_readout_raw_data.txt,44q,2D_Block,1e-06,-13.815510557964274,197282.22555534818,24691.71657517877,0.0029507484013926
44q_readout_raw_data.txt,44q,2D_Block,0.0001,-9.210340371976182,83572.66854246691,24691.71657517877,0.0029507484013926
44q_readout_raw_data.txt,44q,2D_Block,0.001,-6.907755278982137,26717.890036026307,24691.71657517877,0.0029507484013926
44q_readout_raw_data.txt,44q,2D_Block,0.01,-4.605170185988091,,24691.71657517877,0.0029507484013926
45q_readout_raw_data.txt,45q,2D_Block,1e-08,-18.420680743952367,346288.23049868795,27740.968470060445,0.0026379243722737
45q_readout_raw_data.txt,45q,2D_Block,1e-06,-13.815510557964274,218536.34956992985,27740.968470060445,0.0026379243722737
45q_readout_raw_data.txt,45q,2D_Block,0.0001,-9.210340371976182,90784.4686411718,27740.968470060445,0.0026379243722737
45q_readout_raw_data.txt,45q,2D_Block,0.001,-6.907755278982137,26908.5281767928,27740.968470060445,0.0026379243722737
45q_readout_raw_data.txt,45q,2D_Block,0.01,-4.605170185988091,,27740.968470060445,0.0026379243722737
50q_readout_raw_data.txt,50q,2D_Block,1e-08,-18.420680743952367,225237.05305321695,17735.60820900016,0.0032765235379761
50q_readout_raw_data.txt,50q,2D_Block,1e-06,-13.815510557964274,143561.55889876373,17735.60820900016,0.0032765235379761
50q_readout_raw_data.txt,50q,2D_Block,0.0001,-9.210340371976182,61886.064744310555,17735.60820900016,0.0032765235379761
50q_readout_raw_data.txt,50q,2D_Block,0.001,-6.907755278982137,21048.31766708398,17735.60820900016,0.0032765235379761
50q_readout_raw_data.txt,50q,2D_Block,0.01,-4.605170185988091,,17735.60820900016,0.0032765235379761
26q_readout_raw_data.txt,26q,Bulk_Full,1e-08,-18.420680743952367,337407.5877142317,26810.24564394356,0.0029215042593199
26q_readout_raw_data.txt,26q,Bulk_Full,1e-06,-13.815510557964274,213941.84379572567,26810.24564394356,0.0029215042593199
26q_readout_raw_data.txt,26q,Bulk_Full,0.0001,-9.210340371976182,90476.09987721969,26810.24564394356,0.0029215042593199
26q_readout_raw_data.txt,26q,Bulk_Full,0.001,-6.907755278982137,28743.227917966717,26810.24564394356,0.0029215042593199
26q_readout_raw_data.txt,26q,Bulk_Full,0.01,-4.605170185988091,,26810.24564394356,0.0029215042593199
36q_readout_raw_data.txt,36q,Bulk_Full,1e-08,-18.420680743952367,235051.21876723476,18279.020577442378,0.0038425848598139
36q_readout_raw_data.txt,36q,Bulk_Full,1e-06,-13.815510557964274,150873.21817493427,18279.020577442378,0.0038425848598139
36q_readout_raw_data.txt,36q,Bulk_Full,0.0001,-9.210340371976182,66695.21758263379,18279.020577442378,0.0038425848598139
36q_readout_raw_data.txt,36q,Bulk_Full,0.001,-6.907755278982137,24606.21728648357,18279.020577442378,0.0038425848598139
36q_readout_raw_data.txt,36q,Bulk_Full,0.01,-4.605170185988091,,18279.020577442378,0.0038425848598139
38q_readout_raw_data.txt,38q,Bulk_Full,1e-08,-18.420680743952367,282994.5373959674,22464.92118567102,0.0029572188875882
38q_readout_raw_data.txt,38q,Bulk_Full,1e-06,-13.815510557964274,179539.7521211429,22464.92118567102,0.0029572188875882
38q_readout_raw_data.txt,38q,Bulk_Full,0.0001,-9.210340371976182,76084.96684631846,22464.92118567102,0.0029572188875882
38q_readout_raw_data.txt,38q,Bulk_Full,0.001,-6.907755278982137,24357.574208906262,22464.92118567102,0.0029572188875882
38q_readout_raw_data.txt,38q,Bulk_Full,0.01,-4.605170185988091,,22464.92118567102,0.0029572188875882
48q_readout_raw_data.txt,48q,Bulk_Full,1e-08,-18.420680743952367,265156.38927546097,21016.18652720747,0.0030157375287996
48q_readout_raw_data.txt,48q,Bulk_Full,1e-06,-13.815510557964274,168373.2736572005,21016.18652720747,0.0030157375287996
48q_readout_raw_data.txt,48q,Bulk_Full,0.0001,-9.210340371976182,71590.15803894006,21016.18652720747,0.0030157375287996
48q_readout_raw_data.txt,48q,Bulk_Full,0.001,-6.907755278982137,23198.60022980986,21016.18652720747,0.0030157375287996
48q_readout_raw_data.txt,48q,Bulk_Full,0.01,-4.605170185988091,,21016.18652720747,0.0030157375287996
51q_readout_raw_data.txt,51q,Bulk_Full,1e-08,-18.420680743952367,257159.94279452928,20326.391666372954,0.0031224063974675
51q_readout_raw_data.txt,51q,Bulk_Full,1e-06,-13.815510557964274,163553.44990383173,20326.391666372954,0.0031224063974675
51q_readout_raw_data.txt,51q,Bulk_Full,0.0001,-9.210340371976182,69946.95701313419,20326.391666372954,0.0031224063974675
51q_readout_raw_data.txt,51q,Bulk_Full,0.001,-6.907755278982137,23143.710567785438,20326.391666372954,0.0031224063974675
51q_readout_raw_data.txt,51q,Bulk_Full,0.01,-4.605170185988091,,20326.391666372954,0.0031224063974675
53q_readout_raw_data.txt,53q,Bulk_Full,1e-08,-18.420680743952367,177432.2046491211,13803.926469746111,0.0038221895271741
53q_readout_raw_data.txt,53q,Bulk_Full,1e-06,-13.815510557964274,113862.77402107442,13803.926469746111,0.0038221895271741
53q_readout_raw_data.txt,53q,Bulk_Full,0.0001,-9.210340371976182,50293.34339302778,13803.926469746111,0.0038221895271741
53q_readout_raw_data.txt,53q,Bulk_Full,0.001,-6.907755278982137,18508.628079004473,13803.926469746111,0.0038221895271741
53q_readout_raw_data.txt,53q,Bulk_Full,0.01,-4.605170185988091,,13803.926469746111,0.0038221895271741
