file,q_label,topology,n_points,fisher_trace,fisher_det,fisher_max_eigenvalue,kl_from_previous,matrix_entropy,frobenius_from_uniform
12q_readout_raw_data.txt,12q,2D_Block,500,82210.52868402727,8.109918600674858e+17,30670.771502634536,0.0,1.3306329915795416,1.3929406431493139
12q_readout_raw_data.txt,12q,2D_Block,1000,88281.97773305641,1.0030189651197486e+17,31110.7742968807,0.08789340909050905,1.3823022008532284,1.3495557089456816
12q_readout_raw_data.txt,12q,2D_Block,2000,87592.81128323058,2.5170756146378684e+16,32660.91934288627,0.04329227189889197,1.438559963707543,1.2577314906584574
12q_readout_raw_data.txt,12q,2D_Block,3000,835360.4494651965,3.660649665830975e+19,305866.62972914265,0.03223324226649848,1.385087158382251,1.3626715151308897
12q_readout_raw_data.txt,12q,2D_Block,4000,1026549.2521562844,1.8341653940589275e+20,474738.75411586324,1.224111990101419,1.3407565701981916,1.3888907166709221
12q_readout_raw_data.txt,12q,2D_Block,5000,2682612.151458408,3.0856086188951323e+21,1224679.2962203962,1.8490131291343133,1.3293404263411208,1.437563565656156
12q_readout_raw_data.txt,12q,2D_Block,6000,7151500.063042287,7.310157303868992e+19,3733413.4800030193,0.7212086608471371,1.144968120011498,1.5824684417146708
12q_readout_raw_data.txt,12q,2D_Block,7000,3065763.958878538,1.1216890349095364e+18,1724627.2608501757,2.354223244570171,1.2659989964447917,1.4562626348509733
12q_readout_raw_data.txt,12q,2D_Block,8000,8980842.161897998,6.771242021944007e+18,5905223.666825246,0.88672442208491,1.4552757793540168,1.2726676380840543
12q_readout_raw_data.txt,12q,2D_Block,9000,800.0218766697488,27497214780.229416,572.1568938566014,0.6183413593547907,1.123171272659403,1.5807526041932984
12q_readout_raw_data.txt,12q,2D_Block,10000,1519637600.9444606,1.7567680238579666e+18,1519634248.5430448,1.1934654384268792,1.257329390382568,1.3530418657583618
12q_readout_raw_data.txt,12q,2D_Block,15000,293.0110156411608,144021780.44547594,225.85746930334705,0.968074807888336,1.7180835532952339,1.0563973277920067
12q_readout_raw_data.txt,12q,2D_Block,20000,284615.8006380583,7.704442344105453e+22,266321.58797333145,2.5324150027854437,1.2757289188419758,1.3774002710619988
12q_readout_raw_data.txt,12q,2D_Block,30000,28910.502279612476,412295131072711.0,23903.86525629073,1.6869413089336736,0.9890105661149697,1.5616067045760214
12q_readout_raw_data.txt,12q,2D_Block,40000,659.555449548758,938646258537.0574,181.12581196273075,2.320517521603088,1.2549679060469277,1.3295092670438053
14q_readout_raw_data.txt,14q,1D_Snake,500,13669.470277074206,7661013488062488.0,4783.614023296042,0.0,1.4853015069538102,1.2746880859685048
14q_readout_raw_data.txt,14q,1D_Snake,1000,54340.365148705656,3.1932114052862725e+18,17177.92157669856,0.03493445285822213,1.4128170731444623,1.4121341997733485
14q_readout_raw_data.txt,14q,1D_Snake,2000,63310.64159558985,6.816247863547176e+18,21507.989905381648,0.0034070499086077993,1.389940469376457,1.445833529769521
14q_readout_raw_data.txt,14q,1D_Snake,3000,443228.3948678971,1.0082705736343304e+22,147128.57860170933,0.011864031321435828,1.4436043761762636,1.356266260688852
14q_readout_raw_data.txt,14q,1D_Snake,4000,408242.71457453276,5.545444701432521e+18,211227.00728484476,1.4050608607429533,1.3844874068416364,1.4594581251336407
14q_readout_raw_data.txt,14q,1D_Snake,5000,1211340.1856708683,1.9637292239351888e+21,546899.5603682382,3.475928507849527,1.410021739769428,1.4129078168455746
14q_readout_raw_data.txt,14q,1D_Snake,6000,44879300.64624947,4.9169062654329175e+28,19493881.135297664,3.794287764675699,1.5710321972988963,1.2606212212794408
14q_readout_raw_data.txt,14q,1D_Snake,7000,16455381.38776664,9.531415563480706e+21,9319858.143201146,2.8457361632624503,1.0664048146399712,1.6500520579281417
14q_readout_raw_data.txt,14q,1D_Snake,8000,48518475.394982465,1.498361753368295e+18,48501949.15004085,1.4597876862363601,1.2928455010469153,1.3779133010298068
14q_readout_raw_data.txt,14q,1D_Snake,9000,228708952.99783045,3.4650608527847226e+17,228707219.91343924,0.8276088375810886,1.1205684229620272,1.4630968601573981
14q_readout_raw_data.txt,14q,1D_Snake,10000,2731340067.512969,2.4832363791490474e+33,2714089810.225766,10.446170450791616,1.1900116876782696,1.3623846968859774
14q_readout_raw_data.txt,14q,1D_Snake,15000,2163.3140039468844,356935859017.95886,1693.245776854006,2.082261200424665,1.3733453078751374,1.3329822505977755
14q_readout_raw_data.txt,14q,1D_Snake,20000,1129.3113203569258,20707249632895.742,502.9192867160885,0.789192641760555,0.9985940281880036,1.5933924951758127
14q_readout_raw_data.txt,14q,1D_Snake,30000,16666.990479854954,9.82759490424433e+16,14089.740878309049,0.5050414486066661,1.1234979276363017,1.4877585191268468
14q_readout_raw_data.txt,14q,1D_Snake,40000,1166.828435194392,136160092881.37263,613.2442042994016,2.043838758296347,1.1257705698461373,1.507699372910607
16q_readout_raw_data.txt,16q,2D_Block,500,33403.48477365092,1.3434071034572145e+18,10061.97383237563,0.0,1.4599243152846382,1.2921386407264588
16q_readout_raw_data.txt,16q,2D_Block,1000,83303.53970898343,1.497721798945917e+18,33515.01842912573,0.6364878470856768,1.2815086964701545,1.4511621918007147
16q_readout_raw_data.txt,16q,2D_Block,2000,76321.81992667183,3.999007537166973e+16,28513.025613282625,0.08333495243278487,1.3507794847666454,1.3760120089879189
16q_readout_raw_data.txt,16q,2D_Block,3000,617854.7872616141,1.9536608872700875e+19,250114.14101912157,0.012046545353122464,1.3290538704669566,1.4256363084396406
16q_readout_raw_data.txt,16q,2D_Block,4000,199337.97281746744,3.45223710749578e+17,103772.64220925326,1.0379790664219295,1.4436184951131137,1.3546305037111388
16q_readout_raw_data.txt,16q,2D_Block,5000,5001623.791728983,7.905946569061004e+22,2900651.8930954575,3.5124596462761786,1.5142018785630427,1.2108582453694767
16q_readout_raw_data.txt,16q,2D_Block,6000,115966626.02530737,7.269839509758037e+22,60404459.012445286,3.8420284283176005,1.3318010213494265,1.4120110234464642
16q_readout_raw_data.txt,16q,2D_Block,7000,24229701.199024208,5.337522189422403e+21,12174948.325661395,2.4279637471302387,1.2205694231925688,1.4039792200034826
16q_readout_raw_data.txt,16q,2D_Block,8000,128599153.63334565,4.5280496095060194e+23,83726734.19132526,1.568182774249555,1.3311189839982007,1.4110764550661408
16q_readout_raw_data.txt,16q,2D_Block,9000,647695190.0939249,2.193248364609079e+18,647686278.94326,0.4652321295518407,1.3961658618921742,1.227794971607561
16q_readout_raw_data.txt,16q,2D_Block,10000,9158.912485480232,4525748954785343.0,7723.50783735223,0.7781410802579344,1.2654973747847416,1.3356794447542444
16q_readout_raw_data.txt,16q,2D_Block,15000,2946.5956755206703,5081642959052.241,2041.7785064182883,2.3668747117469917,0.9870061445691958,1.680793667681937
16q_readout_raw_data.txt,16q,2D_Block,20000,5044.333873466755,198795428788612.34,4003.119161314687,1.1656566531869277,1.301539843257022,1.2494169370265675
16q_readout_raw_data.txt,16q,2D_Block,30000,1402.1352192925613,22767364287.98794,1174.7657876941294,1.0061636616829435,1.2902429184982744,1.2150311176773543
16q_readout_raw_data.txt,16q,2D_Block,40000,1135.4945862086545,84562447190560.62,477.65953569940194,1.5361522205156495,1.2159742016363098,1.370562469418924
18q_readout_raw_data.txt,18q,1D_Snake,500,12228.76101339903,394445258602854.3,4873.30364957067,0.0,1.3384852572502783,1.3735807961006885
18q_readout_raw_data.txt,18q,1D_Snake,1000,41607.9142918685,1.0922148682067766e+16,16494.063650992604,0.0624170730195153,1.390116965321504,1.3149422877506907
18q_readout_raw_data.txt,18q,1D_Snake,2000,180849.00085304189,5.947843003755422e+18,75295.29951461604,0.1842227585609657,1.243392128584118,1.5088267433380458
18q_readout_raw_data.txt,18q,1D_Snake,3000,18430101.67772323,1.0155748599572582e+24,8363889.9507960435,0.04300128832423091,1.2818504673534312,1.4871538304579517
18q_readout_raw_data.txt,18q,1D_Snake,4000,305193.38053731626,1.3063651034133663e+18,190942.26928794,1.1610176357640032,1.5207963218837237,1.2185247861318766
18q_readout_raw_data.txt,18q,1D_Snake,5000,1338056.9547161092,1840597053926507.5,1336044.182936764,0.5723841517722272,1.4501253622921413,1.2855297603097506
18q_readout_raw_data.txt,18q,1D_Snake,6000,4715784.087552526,2.2201066260213432e+19,2470984.338655693,1.2401224322916569,1.453244361247585,1.2221874383161313
18q_readout_raw_data.txt,18q,1D_Snake,7000,4552.321992974866,153066980358.68564,3279.0513026081535,0.26009210152200923,1.4657391017720447,1.1712006033736853
18q_readout_raw_data.txt,18q,1D_Snake,8000,21478687.985419698,285261071873397.4,21478509.506025985,1.0676466616045348,1.4057017466082726,1.2531873317344173
18q_readout_raw_data.txt,18q,1D_Snake,9000,139530583.23009562,2367376496635723.0,139530336.79282203,0.6740261047380168,1.2348657857234486,1.355036870540807
18q_readout_raw_data.txt,18q,1D_Snake,10000,635882032.6109471,4.694700039950457e+17,635881777.2413303,0.49491273854435086,1.2642105298538013,1.2696218203996072
18q_readout_raw_data.txt,18q,1D_Snake,15000,896249.5888571963,2.748844798513514e+21,852118.6572845413,2.398163648551908,1.413768998545141,1.0880862408419345
18q_readout_raw_data.txt,18q,1D_Snake,20000,3952.7947362837403,991489837408558.9,2809.3634663852044,2.064207096297656,1.122061180095278,1.4590405944370477
18q_readout_raw_data.txt,18q,1D_Snake,30000,1071.4634168402251,2362847533951.1987,668.9859323599898,0.7246057454011116,1.3715067197213813,1.1870079321124776
18q_readout_raw_data.txt,18q,1D_Snake,40000,4590.932744444826,464060371552664.75,3426.5383339092555,0.84822020152699,1.2748377762785699,1.3812395468117784
20q_readout_raw_data.txt,20q,2D_Block,500,9046.553635386323,25664023597151.266,3686.885485952426,0.0,1.433248255940455,1.296949043826076
20q_readout_raw_data.txt,20q,2D_Block,1000,47077.82557001727,6334211563687225.0,17769.932860259312,0.048152507144700145,1.3824673622954917,1.3577514880559827
20q_readout_raw_data.txt,20q,2D_Block,2000,125725.34356450816,7.623413317807384e+16,47425.30056480459,0.016186640572670916,1.4162482396405036,1.3152915881275875
20q_readout_raw_data.txt,20q,2D_Block,3000,511306.8189680001,4.192017611731352e+18,189357.02030894233,0.008423562832502349,1.436763915546876,1.2820769056204777
20q_readout_raw_data.txt,20q,2D_Block,4000,196512.97144497195,1.4423891757861002e+17,114926.2015560673,0.8826687115566477,1.4171054320175245,1.302031631455278
20q_readout_raw_data.txt,20q,2D_Block,5000,1714635.8278226478,4614753870912491.0,1705929.647059478,1.200585862252266,1.3118785761571683,1.3369019572398457
20q_readout_raw_data.txt,20q,2D_Block,6000,24323649.209572513,2.847300419102658e+20,13408884.316931225,4.930019112532071,1.4220729987520433,1.2839622953319811
20q_readout_raw_data.txt,20q,2D_Block,7000,13234.038240757412,1606332015613.2646,12767.033863048813,1.5215350592306827,1.2350245731985299,1.377992562308799
20q_readout_raw_data.txt,20q,2D_Block,8000,115710386.43974556,1.169187088263114e+19,115704043.63864106,2.211875840345251,1.2380564416647906,1.3880938723354792
20q_readout_raw_data.txt,20q,2D_Block,9000,145146745.79810408,5.84579067612543e+16,145145579.98753086,0.8712491662136317,1.315491816138174,1.3383515741203886
20q_readout_raw_data.txt,20q,2D_Block,10000,11926837829.494251,8.159231811266143e+24,6041287224.894054,0.43845301993095165,1.4215523393405582,1.1478020832917546
20q_readout_raw_data.txt,20q,2D_Block,15000,353.03971973861593,213843257.74399152,258.9354606080333,0.7353104484336709,1.5761745525772153,0.8247506513160056
20q_readout_raw_data.txt,20q,2D_Block,20000,365.35530556541653,157115135645.572,116.23134429316704,1.353330874071132,1.1934277616305622,1.4404824219700756
20q_readout_raw_data.txt,20q,2D_Block,30000,503.2503767769878,455524188970.2313,253.81383895622804,0.9775278871914662,1.372620598285517,1.066708205459769
20q_readout_raw_data.txt,20q,2D_Block,40000,947.3522441349234,8206020048503.693,327.0741728127002,0.9727434419727252,1.2447579216964317,1.269435580497714
22q_readout_raw_data.txt,22q,1D_Snake,500,109680.84128235989,7876179297347902.0,56909.92857514237,0.0,1.3689837298415966,1.2067456108538759
22q_readout_raw_data.txt,22q,1D_Snake,1000,38844.79780657666,69831729970461.016,21647.29751380737,0.33320424848495694,1.2783045623875788,1.412725290445297
22q_readout_raw_data.txt,22q,1D_Snake,2000,76775.66319682349,40722956201278.34,40571.33388318657,0.11630812768120347,1.4242926181280062,1.2242073260470656
22q_readout_raw_data.txt,22q,1D_Snake,3000,386338.11860681087,4805441758699385.0,196375.00534073822,0.10983955635687619,1.396798443567672,1.2407817482210857
22q_readout_raw_data.txt,22q,1D_Snake,4000,76111.01332217324,2464065687443483.5,74506.76142221026,1.071750572907008,1.5540117549003978,1.1684321524043606
22q_readout_raw_data.txt,22q,1D_Snake,5000,1103926.2340470855,4.8552020235257e+16,1099347.09352045,0.9607600907569859,1.3651200084471067,1.2831946810198205
22q_readout_raw_data.txt,22q,1D_Snake,6000,11607349.312455509,2.1863433553040762e+20,11583591.2808515,3.711983575799818,1.54549627655212,1.1594648362232909
22q_readout_raw_data.txt,22q,1D_Snake,7000,4163.342488309075,1813324350427.4922,2505.704391790379,1.253248324580282,1.4866241414434762,1.1106681981284239
22q_readout_raw_data.txt,22q,1D_Snake,8000,6123.662361297664,1085082377205.953,5016.4724045831435,0.9087933533259023,1.5384024461408548,1.1516898706447836
22q_readout_raw_data.txt,22q,1D_Snake,9000,4581.601129344652,492409618567.63763,3952.697209603547,0.16897750911702009,1.4571455453836835,1.24207142835926
22q_readout_raw_data.txt,22q,1D_Snake,10000,1897.311893126091,944741836490.1997,1190.2007535065202,0.4789299891497322,1.4278796002689416,1.193130470716787
22q_readout_raw_data.txt,22q,1D_Snake,15000,674076.0773945381,321450687288164.75,673170.2742985582,2.1937900580031964,1.196576543316935,1.4179604085840272
22q_readout_raw_data.txt,22q,1D_Snake,20000,13755.496920799165,1119446757028249.2,11968.292500514304,3.285125818727947,1.209605928533852,1.2166795706353162
22q_readout_raw_data.txt,22q,1D_Snake,30000,2702.6216745506094,453056531939416.3,1746.3948437916677,0.9159679291810585,1.039714576107255,1.5481837831660568
22q_readout_raw_data.txt,22q,1D_Snake,40000,260.37510432126214,2055057874.8665614,151.6446886232439,0.9644624628635075,1.4382100530587025,1.0695772846201668
24q_readout_raw_data.txt,24q,2D_Block,500,214945.32001601206,5.343921122335047e+16,138109.48376436852,0.0,1.3691056112199915,1.386137077380277
24q_readout_raw_data.txt,24q,2D_Block,1000,514959.868830531,9.250900312260403e+18,390524.81254807266,2.0780868431162602,1.3398135058076441,1.1971101209692516
24q_readout_raw_data.txt,24q,2D_Block,2000,34986.07551421725,43538878363.38712,34836.86350278911,0.21851700703061877,1.5904980470480081,0.8937115356338918
24q_readout_raw_data.txt,24q,2D_Block,3000,83340.25587471707,17816515266.389385,83283.57012044663,0.07129704035973923,1.6575773667047375,0.8191791704123711
24q_readout_raw_data.txt,24q,2D_Block,4000,55103.077516799596,17306063242616.822,54680.25082092725,1.0912571556086428,1.5656662611787049,1.1943525915350546
24q_readout_raw_data.txt,24q,2D_Block,5000,907391.2041987289,3480454634589295.5,903125.6386203214,0.4815335545874967,1.4709607661005695,1.2421214919519763
24q_readout_raw_data.txt,24q,2D_Block,6000,4061787.1705298712,7266791381706307.0,4059658.021639256,1.2062136672962285,1.4494802492301475,1.2569395306404123
24q_readout_raw_data.txt,24q,2D_Block,7000,413.66237656876945,3282095434.987131,201.52388549270924,1.3641669637103007,1.5023618746390288,1.1445204724245528
24q_readout_raw_data.txt,24q,2D_Block,8000,726.9433555547121,152701513620.73346,331.08115911021275,0.9288917659146022,1.5270294736534902,1.1635233974248054
24q_readout_raw_data.txt,24q,2D_Block,9000,12260.925511256253,17228890175158.559,10471.953423744111,0.5746011876416793,1.3167420072421383,1.3164279364484304
24q_readout_raw_data.txt,24q,2D_Block,10000,49429.804958094755,5.691353209282537e+16,41541.08930833864,1.711557807327377,1.1283403583185787,1.3615353982860732
24q_readout_raw_data.txt,24q,2D_Block,15000,17549.73320949814,1044405985898305.6,14343.344492653028,0.47499911317724247,1.574343975676874,1.0059689988945042
24q_readout_raw_data.txt,24q,2D_Block,20000,1383.68130849309,10342083327774.455,933.52267669937,0.8950712099600453,1.150653625017577,1.426753653224633
24q_readout_raw_data.txt,24q,2D_Block,30000,986.8225270555208,8915510442862.314,546.9021857928877,1.53102145885452,1.2833793446582529,1.2733576220509213
24q_readout_raw_data.txt,24q,2D_Block,40000,820.6111008337361,164739265238547.8,191.02564879799903,0.8658143322863179,1.1589289285664106,1.5023336414475001
26q_readout_raw_data.txt,26q,Bulk_Full,500,138221.01178651076,556744101520425.6,75192.71957336336,0.0,1.4312102581637098,1.2081066141896841
26q_readout_raw_data.txt,26q,Bulk_Full,1000,27889.19090905098,4980328037758.108,14185.464596217402,0.08083414613506842,1.50246178480676,1.1000436640569646
26q_readout_raw_data.txt,26q,Bulk_Full,2000,49382.22505422725,8825702225538.86,26183.6270042309,0.06815397292404843,1.5532465962200777,1.0142525725747165
26q_readout_raw_data.txt,26q,Bulk_Full,3000,206458.8707241589,94027512817098.19,107287.85904883541,0.032706887462941515,1.559892893113439,1.0258369046270208
26q_readout_raw_data.txt,26q,Bulk_Full,4000,189117.24361831232,6.44585842660165e+16,172545.4138816078,0.9783516405243919,1.5472229881814015,1.2090364633289943
26q_readout_raw_data.txt,26q,Bulk_Full,5000,699283.7020655858,6940769546872827.0,694140.1834015423,0.6673269660793072,1.4878907587655799,1.1523969853219442
26q_readout_raw_data.txt,26q,Bulk_Full,6000,3694548.7221860015,2.143269702553168e+17,3690876.123013193,3.172844346727271,1.5567170273343045,1.1686444737710193
26q_readout_raw_data.txt,26q,Bulk_Full,7000,3166.0742741709305,41847848327.03726,1704.484871020766,0.426415952842034,1.5781929786440898,1.0478034786518056
26q_readout_raw_data.txt,26q,Bulk_Full,8000,4235.044712729996,1.923038460502843e+16,1922.1314320422857,1.749835765291887,1.4179151131853287,1.2786264267077176
26q_readout_raw_data.txt,26q,Bulk_Full,9000,5656.047917340227,1845160867328.1255,3973.0408488775165,0.4930208209745454,1.5142390729923194,1.0349242950460682
26q_readout_raw_data.txt,26q,Bulk_Full,10000,34687.68637258505,3.0609010247639868e+16,21247.898883808088,0.5714950978586825,1.3983755379932155,1.1972677534001113
26q_readout_raw_data.txt,26q,Bulk_Full,15000,4429.239782760454,10306761448699.842,3400.0364137288193,1.4911453498126197,1.223966208039659,1.3184895270918802
26q_readout_raw_data.txt,26q,Bulk_Full,20000,10181.08551532013,71395080762705.25,9574.247527047935,1.009163656556996,1.1450024141951478,1.494665363268247
26q_readout_raw_data.txt,26q,Bulk_Full,30000,1921.9725685858264,1185242802028.3457,805.5248351009387,1.945544640193006,1.3101005991003447,1.2066779720876837
26q_readout_raw_data.txt,26q,Bulk_Full,40000,915.1078032184562,145227522508323.16,225.99537196893056,1.5308762016517687,1.1809303896620391,1.4073544620685996
28q_readout_raw_data.txt,28q,1D_Snake,500,14822.3914588349,22478350903893.367,12138.339762380327,0.0,1.4566184753799074,1.0511652775621139
28q_readout_raw_data.txt,28q,1D_Snake,1000,4661.236547242961,21313414641.479645,4411.263950986765,0.2256357294293123,1.570192625968771,0.8789775171534847
28q_readout_raw_data.txt,28q,1D_Snake,2000,76563.99975236684,17489553952188.96,41853.16789560973,0.40614638065238035,1.5043358827909399,1.1185832959465187
28q_readout_raw_data.txt,28q,1D_Snake,3000,194982.70546703972,58544219631599.914,104342.94283068967,0.04585352887410698,1.6001763852030615,0.9587058836932189
28q_readout_raw_data.txt,28q,1D_Snake,4000,77295.34593770662,4.241097321998174e+18,54853.5062035305,0.8888827995504475,1.4481646274373776,1.2994597689728355
28q_readout_raw_data.txt,28q,1D_Snake,5000,1209788.6255138384,1.204577638544158e+21,1088821.9400831305,0.6360747418043965,1.335411019540182,1.358625768450677
28q_readout_raw_data.txt,28q,1D_Snake,6000,13724.37549548643,17412643496042.303,7242.52807099456,0.9095702973837806,1.407358858261919,1.1962758425826139
28q_readout_raw_data.txt,28q,1D_Snake,7000,4153.066027490126,485861473899.8334,3447.0106602339615,0.4907744847964302,1.4323221463776288,1.1184485694760622
28q_readout_raw_data.txt,28q,1D_Snake,8000,29807.4694209072,2168311557992672.8,18377.322393269074,2.46647965737219,1.0841614392448782,1.6087936468166462
28q_readout_raw_data.txt,28q,1D_Snake,9000,18259.402873433566,46373761221842.484,17660.974610928864,0.7450423590419332,1.2114391712164096,1.448745015163552
28q_readout_raw_data.txt,28q,1D_Snake,10000,5001.875262870574,41034841565617.98,2981.3072405740527,1.491556183679854,1.071886674003065,1.4974512484246267
28q_readout_raw_data.txt,28q,1D_Snake,15000,51645.59986596648,1351560969589407.8,50396.1646714961,1.7880300114180938,1.3064130135895893,1.2897989630692193
28q_readout_raw_data.txt,28q,1D_Snake,20000,114583.57215829084,472090005805262.4,112669.34451932737,1.0397373131499676,1.2874770213631963,1.2684809252364169
28q_readout_raw_data.txt,28q,1D_Snake,30000,421.50356620698943,5168378775.441895,244.90023749443247,1.08036103312827,1.3241513785099968,1.2284218694040867
28q_readout_raw_data.txt,28q,1D_Snake,40000,1421.6071240233125,17717719945102.09,554.4921776547709,2.278765760265554,1.1592382325810084,1.3748425757586873
30q_readout_raw_data.txt,30q,2D_Block,500,17743.354801439902,7035330714910.262,17394.52373036338,0.0,1.5753223522564483,0.9178889343989883
30q_readout_raw_data.txt,30q,2D_Block,1000,4944.055743478122,1003769927.2990224,4894.617832203995,0.16101780083425707,1.7127302682742302,0.7211712617018436
30q_readout_raw_data.txt,30q,2D_Block,2000,43125.119520622335,6233236604.157461,43079.80920232303,0.14147930493297337,1.7257635954287294,0.7050320381732614
30q_readout_raw_data.txt,30q,2D_Block,3000,192.8803655525464,15321210.026309762,149.42363058901455,0.19092115246877092,1.7335791613959697,0.609045784365885
30q_readout_raw_data.txt,30q,2D_Block,4000,1652.42449025875,1296977305000.7134,895.4380976158229,0.8626339103833507,1.494769590280797,1.3213688073423564
30q_readout_raw_data.txt,30q,2D_Block,5000,20997.28424744145,59107078164756.24,13368.50106153406,0.35610872540675553,1.537399813670764,1.109704210922094
30q_readout_raw_data.txt,30q,2D_Block,6000,2347.2644699391217,21170493004.815403,1567.364696562885,0.33881733246774204,1.5710176305244226,1.0177570416385457
30q_readout_raw_data.txt,30q,2D_Block,7000,5869.546615344892,5928429120013.188,3717.589551369697,1.5312290103732435,1.5274465198597709,1.044304313406332
30q_readout_raw_data.txt,30q,2D_Block,8000,24778.439058347616,6095918673874165.0,16699.577861252932,1.5913044845066804,1.3430992760987241,1.3585089952509157
30q_readout_raw_data.txt,30q,2D_Block,9000,4195.950163029564,1445749020183.2012,2925.4381693427013,0.42224687522206533,1.5209895275507717,1.0700242286929649
30q_readout_raw_data.txt,30q,2D_Block,10000,1883.9113675477456,8909021596655.943,858.7650832843518,1.001601126897014,1.3102066445888554,1.2335667137509014
30q_readout_raw_data.txt,30q,2D_Block,15000,1891.256737544777,91841942986.30739,1543.3684746578017,1.737286094396005,1.4221217282158372,1.1598734386510265
30q_readout_raw_data.txt,30q,2D_Block,20000,1236.782355955567,113011943728.76831,718.9479993263136,2.0968232855966424,1.2356348552424883,1.242895043953434
30q_readout_raw_data.txt,30q,2D_Block,30000,1577.4387165430971,10616135210289.307,686.1163755948654,0.9832279704296988,1.4621314995303811,1.0208710649185904
30q_readout_raw_data.txt,30q,2D_Block,40000,1994.382076540158,391030129475585.8,1437.8480919601043,0.5169368294892227,1.25879324611488,1.2428454303416743
32q_readout_raw_data.txt,32q,1D_Snake,500,5650.696062578628,1093429684345.3384,5317.175321629417,0.0,1.4501062210571758,1.0864359118957456
32q_readout_raw_data.txt,32q,1D_Snake,1000,10243.613638259754,16222720166.857908,10146.930545806206,0.2565714129927025,1.4818411640022842,1.0821695674285852
32q_readout_raw_data.txt,32q,1D_Snake,2000,31246.28156076208,6558342111.841091,31193.896308687636,0.1156133066080208,1.67431752172748,0.7907775140099944
32q_readout_raw_data.txt,32q,1D_Snake,3000,93654.15167197361,28799516999.27213,93587.41157800445,0.123216696684347,1.6114237931597621,0.8743361367010105
32q_readout_raw_data.txt,32q,1D_Snake,4000,119558.4480247759,1.3245885351014214e+16,115941.10744091868,0.8412785818513269,1.4972988295516336,1.29385533968041
32q_readout_raw_data.txt,32q,1D_Snake,5000,8439.763313056197,10986984433127.344,3921.404377475653,0.2738870761144362,1.567562596499332,1.0644336769934641
32q_readout_raw_data.txt,32q,1D_Snake,6000,10347.769108767823,1076653146942.9534,6617.019929366082,0.2388680401519506,1.471562132538177,1.1755702056118564
32q_readout_raw_data.txt,32q,1D_Snake,7000,25106.72669041544,2121994872451.476,21811.103476082026,0.1376022256025356,1.457597087351256,1.2607307792614615
32q_readout_raw_data.txt,32q,1D_Snake,8000,897.571265261301,5190522754.898071,737.1072897806981,0.8630463016997931,1.5239547206982522,1.0866411088022294
32q_readout_raw_data.txt,32q,1D_Snake,9000,22605.36218132472,888349455870.6106,22231.48692881951,0.38657868982644156,1.307070675194607,1.2760065619478667
32q_readout_raw_data.txt,32q,1D_Snake,10000,787.2727702574541,2812562938113.409,294.3529855324452,0.8745009795789354,1.1757968996766377,1.3479052177348694
32q_readout_raw_data.txt,32q,1D_Snake,15000,341817.0699472034,4.3209456842012743e+21,257570.99138417852,1.2906973261282246,1.4925057231846803,1.1468517638934985
32q_readout_raw_data.txt,32q,1D_Snake,20000,2949.502741627658,754661647481171.0,870.3003244834439,2.298677572011719,0.9620066675086524,1.6582295972539445
32q_readout_raw_data.txt,32q,1D_Snake,30000,741.461322990063,120971792570.0463,372.4251972948628,1.4042536976990319,1.5306760637350114,0.9077136015970727
32q_readout_raw_data.txt,32q,1D_Snake,40000,1033.5483790433134,44928458462922.28,438.52244839223704,0.9053662529520385,1.1998629230869633,1.3765798924873702
34q_readout_raw_data.txt,34q,2D_Block,500,2253.765654190041,22956003350.597397,2138.8697768922675,0.0,1.509308566219619,0.9635181502122129
34q_readout_raw_data.txt,34q,2D_Block,1000,2825.198255329771,558207078.7781854,2777.7103473559355,0.3653640908106283,1.7189964931024775,0.7129341133808931
34q_readout_raw_data.txt,34q,2D_Block,2000,26041.33540528272,3910565590.8210454,25994.146410902584,0.13531004386807735,1.6931584744778398,0.776224776612797
34q_readout_raw_data.txt,34q,2D_Block,3000,44314.74250728758,4868128537.020267,44269.780442513904,0.0606553558326449,1.7135432419716898,0.7370156347887257
34q_readout_raw_data.txt,34q,2D_Block,4000,24406.605261527708,195896758900372.34,17439.882208315783,1.4454164986887315,1.592809456709772,1.0520149233747806
34q_readout_raw_data.txt,34q,2D_Block,5000,488951.1503605283,49359557520050.09,485994.5847336975,0.5214547597665529,1.499780990717246,1.0885944438939397
34q_readout_raw_data.txt,34q,2D_Block,6000,6961.295378041439,211213102129.57986,5015.17012438368,0.4343403459701101,1.5426050914964378,1.0704470780820579
34q_readout_raw_data.txt,34q,2D_Block,7000,1772.0379528649905,15707425505.1586,1600.3845461035596,0.6345493827652844,1.558460045509756,0.9818722414957202
34q_readout_raw_data.txt,34q,2D_Block,8000,1318.3445596146614,472593487475.7334,599.1852076799019,0.9978244996574291,1.5422027530593503,1.2245505624818493
34q_readout_raw_data.txt,34q,2D_Block,9000,12086.153604492927,43932619584031.9,4487.690892803974,0.27851401206796184,1.5824609047458815,1.0446995498900125
34q_readout_raw_data.txt,34q,2D_Block,10000,2839.151211269621,354589497577.1597,2133.775373685021,0.04844873278570043,1.5761282950792164,1.0905229509787482
34q_readout_raw_data.txt,34q,2D_Block,15000,303.863453482025,1127212881.8675432,205.02890449212506,0.9714188191305801,1.4902669808646534,1.2950499689205466
34q_readout_raw_data.txt,34q,2D_Block,20000,1710.4392855622082,76093539893108.19,1251.0299033696103,2.649522713539286,1.043497794901003,1.6327793398085553
34q_readout_raw_data.txt,34q,2D_Block,30000,782.0786427784059,23011859857.627434,557.0938587783128,0.9430145969432004,1.3226018957607402,1.1673022830986792
34q_readout_raw_data.txt,34q,2D_Block,40000,970.578794059074,3123466466975.6733,463.9565635574125,1.2215034148075952,1.2728147160228382,1.3085382198904312
36q_readout_raw_data.txt,36q,Bulk_Full,500,30191.621030957263,4048881368747.108,29921.703932211727,0.0,1.5636897011325466,0.9268911302391976
36q_readout_raw_data.txt,36q,Bulk_Full,1000,1435.2498659181404,5143430521.544378,1311.820634867508,0.7953175705844095,1.4807439828034965,1.0576897551272926
36q_readout_raw_data.txt,36q,Bulk_Full,2000,151.72824619617703,15469991.769731358,105.12353124138816,0.3554790346355419,1.752073244552683,0.5733979418860294
36q_readout_raw_data.txt,36q,Bulk_Full,3000,95.52106937466027,5428316.371819907,52.284780586951314,0.07894042354222845,1.7662412529439984,0.5790341106251342
36q_readout_raw_data.txt,36q,Bulk_Full,4000,129453.90323314727,5146666111494383.0,126376.16310187556,1.7795000772586236,1.5442543233114705,1.1989591938710786
36q_readout_raw_data.txt,36q,Bulk_Full,5000,18645.32843542646,1253183530272689.8,11451.82656902739,0.6551794024932768,1.3839460953514406,1.298276041021476
36q_readout_raw_data.txt,36q,Bulk_Full,6000,5196.3625990341525,1784681778374.5708,1868.9993332196111,0.3509513008256842,1.5483823543961859,0.9517966909255624
36q_readout_raw_data.txt,36q,Bulk_Full,7000,4158.907926710733,3149701888435.2773,2595.656668509763,0.7238780542480597,1.3874525325657865,1.176949149373213
36q_readout_raw_data.txt,36q,Bulk_Full,8000,3076.9675665829864,25911158421286.797,1437.3262533736022,1.1252306345067562,1.5230257534821898,1.2320287313035416
36q_readout_raw_data.txt,36q,Bulk_Full,9000,4738.575202356301,1.3613896551420132e+16,1349.0397177743407,1.038210720881755,1.3789136980749304,1.1687240568316326
36q_readout_raw_data.txt,36q,Bulk_Full,10000,20393.13609137862,6.600274906863778e+16,11002.040873404501,0.5851560396151372,1.4342722551904044,1.0561789818072755
36q_readout_raw_data.txt,36q,Bulk_Full,15000,704346.1228308438,1.04495974059647e+18,356736.490017857,2.1119569087113854,1.369858497350094,1.211180266773873
36q_readout_raw_data.txt,36q,Bulk_Full,20000,2209.458966574376,162972099923853.16,1167.3802313557,1.8479334768359266,1.1923846586144118,1.4041948947442529
36q_readout_raw_data.txt,36q,Bulk_Full,30000,4433.400001001198,24697833543703.27,3930.764830841733,0.8513171141035694,1.3903588907590463,1.0767145525890693
36q_readout_raw_data.txt,36q,Bulk_Full,40000,642.7617532601575,6949707586294.122,156.15035680522664,0.6174524227465932,1.1078405650382885,1.495273758621709
38q_readout_raw_data.txt,38q,Bulk_Full,500,3744.984537936204,228390067565.73706,3235.4809862860684,0.0,1.4348864706636113,1.0966887492472441
38q_readout_raw_data.txt,38q,Bulk_Full,1000,11625.806616759965,247165130607.6038,10828.212653186087,0.4733324672877862,1.4780683342596048,1.0405918896468938
38q_readout_raw_data.txt,38q,Bulk_Full,2000,34706.15734715121,257020698857.37515,34154.869196124404,0.1762237067646101,1.5493073158248298,0.9336366238007636
38q_readout_raw_data.txt,38q,Bulk_Full,3000,130064.39719150544,211459612799.75436,129817.80026275752,0.11011964657643436,1.5717426348267407,0.8963447545990341
38q_readout_raw_data.txt,38q,Bulk_Full,4000,38270.915818391586,2.1063198122256413e+17,25369.510904705032,1.159104385763442,1.4334904333613374,1.2817202436531907
38q_readout_raw_data.txt,38q,Bulk_Full,5000,384882.9693701783,445748009023585.2,382304.56382916874,0.6300200944541416,1.58082169000332,1.0368070649902992
38q_readout_raw_data.txt,38q,Bulk_Full,6000,6587.040946295145,92450852856.88501,5852.143267201461,0.21177559029896,1.611199946588441,0.9054754019553127
38q_readout_raw_data.txt,38q,Bulk_Full,7000,17855.066453687286,843841278206.392,13395.246771471746,0.24807955339517623,1.6188660109906963,0.960234514972767
38q_readout_raw_data.txt,38q,Bulk_Full,8000,1097.5012473794486,167828829212.31454,564.4084094944637,0.8721284644547552,1.4780217032438354,1.2473796300264575
38q_readout_raw_data.txt,38q,Bulk_Full,9000,1593.9996579699705,182848882981.20343,865.8417006548749,0.5562219278931806,1.445083834071372,1.286887559186806
38q_readout_raw_data.txt,38q,Bulk_Full,10000,2895.402688417561,939908298344.8076,1734.3770858995154,0.6560826884245782,1.2518386535692176,1.2709406387633135
38q_readout_raw_data.txt,38q,Bulk_Full,15000,207.2571643284034,506585347.1750964,76.31880358149121,1.6655543936647095,1.4961231573146636,1.1626357947897263
38q_readout_raw_data.txt,38q,Bulk_Full,20000,528.4789898626143,244193182108.4848,176.87137055498022,1.4808754603086638,1.2721084829860207,1.2247800820406574
38q_readout_raw_data.txt,38q,Bulk_Full,30000,115.36598086629024,100062553.56024233,34.10559340998737,0.5709694332103545,1.6781710434387667,0.7646100272170175
38q_readout_raw_data.txt,38q,Bulk_Full,40000,1292.037272211803,3999916532387.525,424.58010208967437,1.0387074595267456,1.1980505934936125,1.3357578853106178
39q_readout_raw_data.txt,39q,2D_Block,500,16645.734227143806,85009987555.232,16538.46416311373,0.0,1.5601272339679402,0.9511007434806241
39q_readout_raw_data.txt,39q,2D_Block,1000,8010.48693295095,4985919181.03801,7944.783820464361,0.22324236859736213,1.5924319331374857,0.9341342839710464
39q_readout_raw_data.txt,39q,2D_Block,2000,17051.48988859014,1653034961.5275009,17009.50083083307,0.1462899994810579,1.741993767891642,0.6818865372557995
39q_readout_raw_data.txt,39q,2D_Block,3000,141794.708972159,14280386216.944809,141751.24967294268,0.04986005075328679,1.721121405403056,0.7291979642861159
39q_readout_raw_data.txt,39q,2D_Block,4000,3709.3431971527716,248790628866240.97,2063.8473041338634,1.294277180887412,1.504478996060818,1.2407462972096799
39q_readout_raw_data.txt,39q,2D_Block,5000,23682.44957822952,541585781671253.7,17383.868594795003,0.37761480287953014,1.5289964382477057,1.0991332399858047
39q_readout_raw_data.txt,39q,2D_Block,6000,10210.651452929706,7472106787219.526,6186.174941007745,0.175301449978631,1.6266051752872646,0.9528557792349486
39q_readout_raw_data.txt,39q,2D_Block,7000,281693.42740291596,3.4493850733535025e+25,120360.06116969688,1.1029570501585724,1.405554166298208,1.0926433668809885
39q_readout_raw_data.txt,39q,2D_Block,8000,936.418489734923,2488519515.3345017,815.7936920854854,0.9641981919477083,1.499050858017516,1.1232218087616528
39q_readout_raw_data.txt,39q,2D_Block,9000,1431.450536643391,7868065947.088071,1257.860089250898,0.20987050866067739,1.3863293280884823,1.1906510595296822
39q_readout_raw_data.txt,39q,2D_Block,10000,3297.5563252713073,537501030141.3992,1990.950078460797,0.7230422647107467,1.338357201447383,1.1813004347323874
39q_readout_raw_data.txt,39q,2D_Block,15000,141.91724662842282,88468133.80234236,48.119222389489416,0.9986700821127207,1.6371712885379799,1.0047058626866283
39q_readout_raw_data.txt,39q,2D_Block,20000,10600.677802765598,3662699498021012.5,9451.410264861057,1.0641378372984722,1.0447536341027228,1.5919208521635977
39q_readout_raw_data.txt,39q,2D_Block,30000,767.0246697000838,31632897715.294598,349.40068388590976,1.323231684427507,1.325557832385702,1.224385975146321
39q_readout_raw_data.txt,39q,2D_Block,40000,4709.213519630955,5167409903064.111,2366.016610985278,2.2574305866844853,1.173362483009059,1.4121808438079708
40q_readout_raw_data.txt,40q,2D_Block,500,2864.5940863915826,34253134883.587364,2734.122787248515,0.0,1.4497964522221298,1.0758199460507283
40q_readout_raw_data.txt,40q,2D_Block,1000,14398.200478343848,76581163941.59938,14284.910596717109,0.3106603857161896,1.5290575117113263,1.0001357532121464
40q_readout_raw_data.txt,40q,2D_Block,2000,85.32644125086298,6174508.001562886,39.49989437799945,0.5281746685377925,1.7987827623997863,0.5286476934776492
40q_readout_raw_data.txt,40q,2D_Block,3000,63.50129119039887,2453554.970853661,21.05814892589538,0.07324364904783234,1.8642928368987042,0.39709527181345633
40q_readout_raw_data.txt,40q,2D_Block,4000,1641.352620577869,2355264349781.819,989.8219148962776,1.1103373179893077,1.4036697221665493,1.3234338011600228
40q_readout_raw_data.txt,40q,2D_Block,5000,8597.622628162784,13765378281513.955,6193.5158548845275,0.4351920390556108,1.4025332526432746,1.1675309081709486
40q_readout_raw_data.txt,40q,2D_Block,6000,1708.386350066202,47063253317.78955,760.8410599434175,0.31044043168829133,1.5477408421651013,1.033025483287373
40q_readout_raw_data.txt,40q,2D_Block,7000,56670.78769089963,3.0992366127334267e+18,31285.837184635235,0.8361626145274099,1.3424733041588333,1.1591586788565538
40q_readout_raw_data.txt,40q,2D_Block,8000,1182.849215207934,164632229118.63916,810.0838109403232,1.3540490657815956,1.4566846133221778,1.2240626016636682
40q_readout_raw_data.txt,40q,2D_Block,9000,34299.03115756245,20514195825473.707,32693.96812520827,0.32167054035073794,1.384996290132621,1.1957314400224415
40q_readout_raw_data.txt,40q,2D_Block,10000,3018.994844589795,5999319909984.182,1895.8065840963368,0.527346246024892,1.4531576793892937,1.1565658086084918
40q_readout_raw_data.txt,40q,2D_Block,15000,1785.8525999234594,5999778781654.759,962.8446464780558,1.8042378470947447,1.2798335857863574,1.4461085665462814
40q_readout_raw_data.txt,40q,2D_Block,20000,2579.4966575846042,427931370186085.9,884.4159592967475,1.8976926405649575,1.023490567008413,1.5309762733454566
40q_readout_raw_data.txt,40q,2D_Block,30000,4450.191039933427,1014899948321.675,3685.004133905521,1.74228118481736,1.2525743585088833,1.2144753844912226
40q_readout_raw_data.txt,40q,2D_Block,40000,1650.65208175734,114206983903.57773,1410.4070498441833,0.8531023934313628,1.4454937978328115,1.094159044589223
41q_readout_raw_data.txt,41q,2D_Block,500,5944.124133398224,23939607184.71219,5782.51535307815,0.0,1.6312515698557373,0.8645454000592643
41q_readout_raw_data.txt,41q,2D_Block,1000,3784.505449682667,26561715349.01126,3633.3746332733726,0.7626882152245498,1.5413324993167181,0.905710239289173
41q_readout_raw_data.txt,41q,2D_Block,2000,35704.605305336445,4658082255.277806,35657.71646048664,0.3172888651662537,1.679579659609184,0.8018003923888101
41q_readout_raw_data.txt,41q,2D_Block,3000,227310.22561692918,19539407209.96352,227268.90934482618,0.07035941328544368,1.7520549319004741,0.6624629633225305
41q_readout_raw_data.txt,41q,2D_Block,4000,1632.3203212222058,32171406621.36515,1371.2360975021634,0.6834414708351302,1.602646767086266,1.07733695199837
41q_readout_raw_data.txt,41q,2D_Block,5000,15975.945748881573,7257181100348758.0,9415.519123936985,0.6756878791211725,1.5118175866386772,1.1043181796617931
41q_readout_raw_data.txt,41q,2D_Block,6000,5227.426686833197,68408998289.64186,4654.654994343675,0.3078195398511147,1.5989005070994164,0.8552285746950983
41q_readout_raw_data.txt,41q,2D_Block,7000,2637.2142797501137,142632626349.25125,1381.000933081639,0.8573659438791271,1.3267017674477886,1.2679860824992457
41q_readout_raw_data.txt,41q,2D_Block,8000,978.8018377480936,150324589800.73517,464.67861901329763,0.9096168019975855,1.5852684166477566,1.1920589064204923
41q_readout_raw_data.txt,41q,2D_Block,9000,12642.227359473174,41600477980435.125,7203.29403591986,0.30619760112198546,1.5333151042444104,1.1168798267846918
41q_readout_raw_data.txt,41q,2D_Block,10000,16544.53530881481,153717063674339.88,7936.107010717581,0.21913237876926434,1.4994125163341512,1.1098977166052837
41q_readout_raw_data.txt,41q,2D_Block,15000,149.2216823699853,182806983.9310206,64.4880923418252,0.56914578808485,1.7066951730817588,0.7827040498161146
41q_readout_raw_data.txt,41q,2D_Block,20000,2189.8801684108166,18297742113.84936,2027.1037230496033,1.1336787870983738,1.3516319082416801,1.218688643526896
41q_readout_raw_data.txt,41q,2D_Block,30000,356901.90395183983,7.035666936559654e+22,257415.66962619548,3.51451105276819,0.928225555253405,1.593010541763018
41q_readout_raw_data.txt,41q,2D_Block,40000,4565.283183828776,1528318956948543.5,1990.0609473431398,1.5223915859793145,1.216791358094635,1.2876638413987525
42q_readout_raw_data.txt,42q,2D_Block,500,190.81693340740244,882807392.5668902,91.93320463313322,0.0,1.7255636255779836,0.6464419919371432
42q_readout_raw_data.txt,42q,2D_Block,1000,78.23231397068894,7407582.483515393,29.619864441721088,0.2789467447114853,1.7786807355136436,0.5776499543437127
42q_readout_raw_data.txt,42q,2D_Block,2000,72.53828155659221,5093701.255013086,24.57625928877744,0.2040222217739816,1.8045210259068267,0.5287794634656284
42q_readout_raw_data.txt,42q,2D_Block,3000,56.88697323352774,2077040.9815541725,11.356467468248384,0.09612961704932595,1.882998495121482,0.35373873595788874
42q_readout_raw_data.txt,42q,2D_Block,4000,927.745992422165,214925145990.9035,452.5495359470033,0.7273832072906643,1.566514377502402,1.1988860408487123
42q_readout_raw_data.txt,42q,2D_Block,5000,21144.621186719396,74461263283164.83,12161.24251855918,0.4458591067279988,1.5073276712313668,1.0259904869501362
42q_readout_raw_data.txt,42q,2D_Block,6000,1592.9227111285556,39458187506.917,1225.4113421435527,0.4753993256519114,1.5485028332429878,0.9557284823359239
42q_readout_raw_data.txt,42q,2D_Block,7000,1906.5909152936429,645025567192.7699,953.2948263500721,1.1075193173333402,1.6019146936155033,0.9522935730587877
42q_readout_raw_data.txt,42q,2D_Block,8000,2550.229796098141,728216594745.285,2061.0093562676466,1.354262701890065,1.1925185158658176,1.4041965415506652
42q_readout_raw_data.txt,42q,2D_Block,9000,5952.150027216995,14262629484166.988,2582.7145426450325,0.4093378733283655,1.2477142793557763,1.4044309460249023
42q_readout_raw_data.txt,42q,2D_Block,10000,4915.9347493786545,406398762977301.56,4039.0827753017193,1.0868927390741387,1.3180222376969046,1.2252565448390824
42q_readout_raw_data.txt,42q,2D_Block,15000,245.43678773030132,11357429358.642149,54.5422495444696,1.430314495655999,1.1866100785219058,1.5883618936014903
42q_readout_raw_data.txt,42q,2D_Block,20000,1290.9099866585252,11636675407627.799,531.3351304220414,2.250472660325239,0.9904846779786814,1.6115350130758994
42q_readout_raw_data.txt,42q,2D_Block,30000,11132.238711984031,1.3870031838402406e+16,6338.963910876977,1.5625972564123418,1.3685935900398187,1.203740535575862
42q_readout_raw_data.txt,42q,2D_Block,40000,1263.0055441057882,15726783871909.375,785.1605847353638,1.2258891801710852,1.1283753967389283,1.4484444693394258
43q_readout_raw_data.txt,43q,2D_Block,500,121.35740499292481,62675334.62004343,45.51995523884756,0.0,1.6934261522383096,0.6979728517655754
43q_readout_raw_data.txt,43q,2D_Block,1000,60.92798781087339,3378928.5766148074,11.474374984184715,0.3245460326929143,1.8391289755661424,0.48153637638003827
43q_readout_raw_data.txt,43q,2D_Block,2000,61.84182065049982,2909506.791421578,16.13385196435478,0.13691689489365702,1.8664687488199017,0.3879723435762476
43q_readout_raw_data.txt,43q,2D_Block,3000,54.058149806014356,1401498.6159395976,11.920599931667123,0.07844715540216511,1.9066827659601862,0.273962570210275
43q_readout_raw_data.txt,43q,2D_Block,4000,31253.698556646028,1.5090246763252925e+18,22933.483224936146,1.354482631300248,1.4681930221830883,1.2048229846797345
43q_readout_raw_data.txt,43q,2D_Block,5000,8525.025932367305,104216635011767.88,3806.7469091100643,0.5540156961177594,1.405799200914892,1.188907051181009
43q_readout_raw_data.txt,43q,2D_Block,6000,5477.891659003826,233172606153.00076,3679.6564867378684,0.525507724274225,1.5648255322802875,0.9596390220730491
43q_readout_raw_data.txt,43q,2D_Block,7000,19701.17419304739,5149838089113.19,18333.337527937463,0.4650916440326863,1.3815421138898478,1.1680177743750313
43q_readout_raw_data.txt,43q,2D_Block,8000,3523.838401665901,37821487939011.94,2114.4840051111855,1.063212470262524,1.462275063733302,1.234903295957559
43q_readout_raw_data.txt,43q,2D_Block,9000,5559.119360961225,41941327630609.695,3099.922732160077,0.7258113223879648,1.4163533060075733,1.162737238520568
43q_readout_raw_data.txt,43q,2D_Block,10000,2425.8055057164975,1092672917376.2024,1191.3154554882017,0.24544564324825272,1.3344651392194204,1.2083630506174976
43q_readout_raw_data.txt,43q,2D_Block,15000,4421027787.830719,4.705985681760803e+16,4421027493.681599,1.8385867512731748,1.555971489178761,0.9065817218334135
43q_readout_raw_data.txt,43q,2D_Block,20000,1778.2067543399726,762353164659.7408,1525.3796328612427,1.457916347724802,1.3175325410227237,1.239781086443828
43q_readout_raw_data.txt,43q,2D_Block,30000,7820.661799290448,1521643148077119.2,4159.755383145504,2.1006693846600846,1.1387433233437083,1.471573375052816
43q_readout_raw_data.txt,43q,2D_Block,40000,780.3099973738138,11913223236580.979,213.92909624158835,0.8737621573533111,1.3107924545913512,1.2512586048982732
44q_readout_raw_data.txt,44q,2D_Block,500,14159.204219856396,399508311065.7503,13662.986498249174,0.0,1.5775889993219037,0.9423211340973165
44q_readout_raw_data.txt,44q,2D_Block,1000,3151.09685631636,2010112238.6129599,3087.2063309846853,0.2737965072632293,1.619209834536667,0.8676273900342537
44q_readout_raw_data.txt,44q,2D_Block,2000,20993.72970633792,6121306308.727063,20934.96123488659,0.15931544360071534,1.7249754262389252,0.6925565478961638
44q_readout_raw_data.txt,44q,2D_Block,3000,91247.66096007953,8209617626.96259,91205.51481256154,0.04534755594555189,1.7418668140939375,0.6753603062962233
44q_readout_raw_data.txt,44q,2D_Block,4000,37541.90010521764,5629192873478585.0,34352.706325804415,1.5821954796680855,1.4427810731728599,1.3412491871613406
44q_readout_raw_data.txt,44q,2D_Block,5000,5594.132470960131,6534099279120.525,4194.025174120614,0.35674690858943875,1.535164841657689,1.067899735487702
44q_readout_raw_data.txt,44q,2D_Block,6000,10010.553978705766,14489502255831.47,4270.737479831154,0.21219857454108956,1.5967132318808641,1.0078930435862792
44q_readout_raw_data.txt,44q,2D_Block,7000,28175.717624949444,19157770954909.82,16739.940763002956,0.5567931509571427,1.4578788228349278,1.116061776002291
44q_readout_raw_data.txt,44q,2D_Block,8000,2424.061460528388,1799129585388.6877,1183.3123170967117,0.7259478779863722,1.558603122569805,1.2050053565461134
44q_readout_raw_data.txt,44q,2D_Block,9000,7560.193814139977,18120365305045.562,3577.698895539664,0.28922608207335493,1.546860517417376,1.0921773396493888
44q_readout_raw_data.txt,44q,2D_Block,10000,45861.07703380873,3.3878005906520695e+19,17995.4637201619,0.8855637094938745,1.1994860014828503,1.3355900085432248
44q_readout_raw_data.txt,44q,2D_Block,15000,1368.6915049054076,72941619723.7326,720.6056377416539,2.0551753395374246,1.1001419474080036,1.5805220820589294
44q_readout_raw_data.txt,44q,2D_Block,20000,10327.60735820097,968785397649564.2,5748.732525954992,3.86469519984479,0.9268507935682841,1.6165350203518982
44q_readout_raw_data.txt,44q,2D_Block,30000,803.9158120085259,2262732327481.022,384.0502094118931,1.4216805397798178,1.108450533093318,1.4187746169343953
44q_readout_raw_data.txt,44q,2D_Block,40000,2037.064433396835,59626846895211.266,825.4658239898476,1.6374824132894863,1.1514077395518025,1.4141480143413747
45q_readout_raw_data.txt,45q,2D_Block,500,2668.3469863579826,15362248934.26862,2551.0799210007103,0.0,1.5477085869118292,0.9487782464392531
45q_readout_raw_data.txt,45q,2D_Block,1000,6509.863222601123,4063774659.362178,6440.051775465466,0.3663028393023015,1.597559483890062,0.8930960103783769
45q_readout_raw_data.txt,45q,2D_Block,2000,22622.599593988285,3497279686.1226234,22572.513470376027,0.10926705079704668,1.6814817998539813,0.7827196589971886
45q_readout_raw_data.txt,45q,2D_Block,3000,160550.88750116166,29193607530.975784,160497.50059997872,0.06720498037079603,1.6182807107437645,0.9172864436426535
45q_readout_raw_data.txt,45q,2D_Block,4000,295.49802350215737,1196707832.2953558,106.77602467230268,0.33350972616255203,1.6524368554750652,1.0068726054460262
45q_readout_raw_data.txt,45q,2D_Block,5000,10347.185680140545,2169359546305.7883,8253.871431765694,0.3991825418250789,1.5439677080465102,1.001136143076911
45q_readout_raw_data.txt,45q,2D_Block,6000,1730.577938112319,9013220720.17483,1295.341617635942,0.27757938703837365,1.5190460089753266,0.9578207546831494
45q_readout_raw_data.txt,45q,2D_Block,7000,732.26709342461,4162140422.8081264,369.84671259563277,0.7198695170820797,1.5444975880604537,0.9726883335152453
45q_readout_raw_data.txt,45q,2D_Block,8000,3180.3426180422903,69055284878493.375,1882.2525701751335,1.3647482303416933,1.5437212361788937,1.2152341876175339
45q_readout_raw_data.txt,45q,2D_Block,9000,6900.308945834173,173416443064099.5,2596.815288217138,0.3661975105923691,1.5277098639070708,1.0725385029360093
45q_readout_raw_data.txt,45q,2D_Block,10000,10780.296690249947,2.554030738272367e+16,5503.223380696617,0.40105074802256685,1.5684840776099158,0.9333408258343454
45q_readout_raw_data.txt,45q,2D_Block,15000,2095.663800799958,8413915949460.456,1541.2638099727415,1.2063625607016026,1.4937340507952832,1.2400252143437651
45q_readout_raw_data.txt,45q,2D_Block,20000,3994.3360642737493,248843562102610.16,2392.266917595221,1.5955574509530444,1.2756741398354126,1.44114140919103
45q_readout_raw_data.txt,45q,2D_Block,30000,1161.1532940655197,1707478189834.4585,816.0474505472256,0.851608663464243,1.359009870737509,1.1397921495889403
45q_readout_raw_data.txt,45q,2D_Block,40000,1796.7942809757155,565173503369679.4,912.1349516773855,1.2696273461460734,1.2780148433196483,1.3910689831246228
46q_readout_raw_data.txt,46q,Bulk_Full,500,19611.194527595686,1509752541615552.5,16411.50245517565,0.0,1.5214096666649435,0.9682385125686207
46q_readout_raw_data.txt,46q,Bulk_Full,1000,75.7515732714324,7200017.958801906,23.82980948088494,0.5952226235953073,1.798354462221648,0.5308591498295567
46q_readout_raw_data.txt,46q,Bulk_Full,2000,59.445992636975035,2176672.362266282,15.261164722271294,0.13870211683241412,1.8661027552498823,0.38872512435283374
46q_readout_raw_data.txt,46q,Bulk_Full,3000,56.30818309502374,1583285.1661737612,14.45323932846074,0.06800755122446413,1.889052202470328,0.3311946397713831
46q_readout_raw_data.txt,46q,Bulk_Full,4000,804.5480518154438,78580062520.28831,494.77241872137864,0.7499185227207094,1.5475432243227178,1.1675555724647813
46q_readout_raw_data.txt,46q,Bulk_Full,5000,5129.386607950468,3299854159654.2646,3259.2604423519815,0.5316313846605966,1.5542223527412211,1.0777255828551509
46q_readout_raw_data.txt,46q,Bulk_Full,6000,3949.1781344608553,106904545799.82605,2376.8170073851084,0.2603195214019582,1.4933618360052257,1.1101678810569156
46q_readout_raw_data.txt,46q,Bulk_Full,7000,10580.909299603318,1755088284185553.5,8972.85158437324,0.888740686239278,1.4516272049532222,1.1243098266167348
46q_readout_raw_data.txt,46q,Bulk_Full,8000,3619.885474413875,30821730695503.133,1773.2936344066645,1.053649464255185,1.4960295890468314,1.2621646468739105
46q_readout_raw_data.txt,46q,Bulk_Full,9000,6095.823860383005,28992572177063.562,3459.020674932161,0.43234488532247817,1.5006789885440062,1.1785187118154152
46q_readout_raw_data.txt,46q,Bulk_Full,10000,10110.86399137022,6.5304438592596776e+16,6524.6322539357725,1.177680792163624,1.2293567895379385,1.3271927728595998
46q_readout_raw_data.txt,46q,Bulk_Full,15000,912.9643832244686,43733457835.16816,396.76262437390506,2.062452303358196,1.2349355034993637,1.3766495829646699
46q_readout_raw_data.txt,46q,Bulk_Full,20000,11274.001390858662,1.7782345714395544e+16,6300.43552159232,2.572863072497373,1.1068131485700674,1.5670751848669457
46q_readout_raw_data.txt,46q,Bulk_Full,30000,11477.619633057622,5104681480243771.0,8679.542853694864,1.3428086421526255,1.2140343211374351,1.5121207330016748
46q_readout_raw_data.txt,46q,Bulk_Full,40000,17468.50674384895,4.680795389255583e+18,13201.312621411369,0.9592557036823784,1.185391077606632,1.279508255320837
47q_readout_raw_data.txt,47q,1D_Snake,500,10870.736943463651,17433809669.64138,10798.432676010054,0.0,1.5246669220908682,1.0116663109493194
47q_readout_raw_data.txt,47q,1D_Snake,1000,25321.972666607715,27519075358.353474,25254.821094289713,0.19145112777545384,1.572082672619016,0.9748709970727567
47q_readout_raw_data.txt,47q,1D_Snake,2000,35673.86339480092,4533238040.700521,35629.27002107648,0.1424885626000661,1.7326761747135115,0.6867995073088438
47q_readout_raw_data.txt,47q,1D_Snake,3000,82118.79873674795,6778686474.75599,82078.55925266111,0.08054953053731949,1.772458315608971,0.6173632438671594
47q_readout_raw_data.txt,47q,1D_Snake,4000,4495.927382489216,2675888456712.1304,3106.32976851849,0.5972760162692552,1.6176359203995754,1.1663839819172308
47q_readout_raw_data.txt,47q,1D_Snake,5000,17141.96093753957,96403079481430.9,10178.752151776676,0.37553028817076084,1.6035672994985017,1.0086234269390697
47q_readout_raw_data.txt,47q,1D_Snake,6000,6215.087787582352,109958888209.04509,3527.4345569282577,0.1241138994673981,1.6236377772988988,0.9503582858594435
47q_readout_raw_data.txt,47q,1D_Snake,7000,1801.937227861727,55875937815838.78,734.458674195981,0.7923018007129635,1.5981912896733657,0.9596900234893003
47q_readout_raw_data.txt,47q,1D_Snake,8000,10522.543128876116,11018691437100.533,8184.364211238137,1.2781548949131272,1.424191742118253,1.2084340431797425
47q_readout_raw_data.txt,47q,1D_Snake,9000,6128.344493702875,3723666896930.606,3584.655886101191,0.20425353524109774,1.4332360239060888,1.1501636001422488
47q_readout_raw_data.txt,47q,1D_Snake,10000,2530.6041162680413,696863929728.4224,1287.8655384908668,0.31385137722326145,1.4426988414182582,1.1590790175733838
47q_readout_raw_data.txt,47q,1D_Snake,15000,1288.4070578481412,10280258023.796303,1094.9762449092273,1.7131284350266303,1.5779852487243882,0.9987811865360611
47q_readout_raw_data.txt,47q,1D_Snake,20000,1462.1273379608272,62302757708502.586,715.3938551668805,1.487628364121108,0.9469381805103642,1.6638420111274437
47q_readout_raw_data.txt,47q,1D_Snake,30000,606.3568571508188,818947290366.7822,210.66159160062173,1.326381052228472,1.173629353259779,1.4498321191663577
47q_readout_raw_data.txt,47q,1D_Snake,40000,1349.5839399812899,60957723800498.12,850.9887679896948,1.86823243020239,1.0908224936622448,1.4942348176402425
48q_readout_raw_data.txt,48q,Bulk_Full,500,244.17289237644934,5345127711.550059,116.63019272094253,0.0,1.641913433555507,0.7632975619471938
48q_readout_raw_data.txt,48q,Bulk_Full,1000,81.35962068664557,19151468.336562544,19.33330737723865,0.3877889343422208,1.753704239762253,0.6209604394001023
48q_readout_raw_data.txt,48q,Bulk_Full,2000,57.29030574829366,2027211.0837462745,10.423102720894558,0.21253336329369305,1.8727207095435916,0.3791125277676047
48q_readout_raw_data.txt,48q,Bulk_Full,3000,58.756600152510465,2282205.208648401,13.49464396647776,0.11025523898777576,1.8749723331620598,0.36390513287285214
48q_readout_raw_data.txt,48q,Bulk_Full,4000,351.62081858511016,1141342914.9136693,153.29356014331628,0.4490435389285593,1.6272798883550021,1.0855549428751017
48q_readout_raw_data.txt,48q,Bulk_Full,5000,18193.01636732939,16332928973577.666,14414.412636083624,0.41755157962034656,1.5138405122061964,1.0527169706900465
48q_readout_raw_data.txt,48q,Bulk_Full,6000,1871.427198738214,7637578384.272575,960.2849625336648,0.1419303443443963,1.670853271198233,0.8700441769874387
48q_readout_raw_data.txt,48q,Bulk_Full,7000,739.6690005789274,10655644433.018988,587.831173026326,0.3608738763513123,1.5563768189345273,0.9586323636430172
48q_readout_raw_data.txt,48q,Bulk_Full,8000,2971.7153204699684,33362115888944.973,1530.0967786650208,1.265946512236102,1.4997794746871982,1.2708871266534918
48q_readout_raw_data.txt,48q,Bulk_Full,9000,12166.973364841951,86394198165645.94,9520.790421872312,0.4151673115668218,1.5155605224272855,1.1100359972351266
48q_readout_raw_data.txt,48q,Bulk_Full,10000,123530.26774395155,3.4052475375158675e+24,55613.653346761945,0.9045332446941238,1.3170124484296721,1.2876780917721264
48q_readout_raw_data.txt,48q,Bulk_Full,15000,1714.9054536761682,691596410201.562,1017.854726660037,1.8133545845868315,1.2389976255785922,1.4174417257850356
48q_readout_raw_data.txt,48q,Bulk_Full,20000,2405.726746971735,126076248194369.84,1489.644177273295,1.0598050425517178,1.252738683497734,1.3286631553408388
48q_readout_raw_data.txt,48q,Bulk_Full,30000,3211.926658573335,3742996711862180.0,2135.0371881780643,1.1448056500597317,1.144813284603647,1.4750104387150507
48q_readout_raw_data.txt,48q,Bulk_Full,40000,787.8618038201957,1285463454734.9775,393.6913764234733,1.2279665070960044,1.0229965878053928,1.5797620418379368
49q_readout_raw_data.txt,49q,1D_Snake,500,3957.720077047792,5935493625.568769,3866.4804526890784,0.0,1.5866906961063818,0.8897396898805375
49q_readout_raw_data.txt,49q,1D_Snake,1000,70.82228309085129,7893640.335866814,14.787715006675217,0.4609895830704985,1.808673365560621,0.5181671934070021
49q_readout_raw_data.txt,49q,1D_Snake,2000,58.702652665904665,2497818.0579977147,12.509677869743953,0.18969946250445116,1.8544183930598925,0.4408503619835603
49q_readout_raw_data.txt,49q,1D_Snake,3000,52.45684735153157,1303382.5641919936,8.600915755785511,0.09033599961095394,1.914680349736567,0.2471625738922856
49q_readout_raw_data.txt,49q,1D_Snake,4000,7354.542068717201,1.561907523591836e+16,2732.5638492207236,0.9637299665028463,1.5158955630547482,1.2350036507253024
49q_readout_raw_data.txt,49q,1D_Snake,5000,16383.007692141056,253780130874838.75,11575.461630645304,0.3444170927812832,1.5350259239499455,1.0911519458477157
49q_readout_raw_data.txt,49q,1D_Snake,6000,13993.422404826386,30468944710645.457,6484.482923991985,0.10064339198835313,1.6150567997169276,0.9788498101986045
49q_readout_raw_data.txt,49q,1D_Snake,7000,2323.45732886451,2748977552369.754,1212.1327751464403,0.5601895078969126,1.4396152440060985,1.1647751004324787
49q_readout_raw_data.txt,49q,1D_Snake,8000,1766.6715644655135,94010657433.3573,1352.2899355109378,1.3514848762221274,1.5944224240517213,1.052815447313173
49q_readout_raw_data.txt,49q,1D_Snake,9000,41836.842389653386,225508899593026.78,34061.56826003855,0.03533536601423572,1.5680901709235484,1.050434975403224
49q_readout_raw_data.txt,49q,1D_Snake,10000,8290.353465416647,6172670636289.009,4649.152191456782,0.300303432950538,1.4069303946648464,1.2466330339409497
49q_readout_raw_data.txt,49q,1D_Snake,15000,124720.8225817696,1.4248705402293704e+16,121312.82729511485,1.6421885997902113,1.3771666758068601,1.1279539229574507
49q_readout_raw_data.txt,49q,1D_Snake,20000,637.5305350144429,4468879622.89467,467.33076602522664,1.7101902458162923,1.395721258341028,1.10184446011169
49q_readout_raw_data.txt,49q,1D_Snake,30000,2249.470875811793,128325905866369.3,1421.2256501709207,0.8626897872662236,1.3633896786188888,1.1492050432682561
49q_readout_raw_data.txt,49q,1D_Snake,40000,902.4331207101898,7678668410993.888,388.5234559843265,0.6568305431331314,1.332238061360515,1.1416985979585756
50q_readout_raw_data.txt,50q,2D_Block,500,112.01755122312885,74084804.10333988,34.24509701263281,0.0,1.6782119684676395,0.7335337245503251
50q_readout_raw_data.txt,50q,2D_Block,1000,68.99512672836907,7279580.940149234,14.810126158440353,0.32231951947341797,1.8196731891233193,0.5015217371492152
50q_readout_raw_data.txt,50q,2D_Block,2000,56.46911952888892,2113967.0910850093,10.287232733374895,0.13079799924608462,1.885969998282628,0.3461100509985966
50q_readout_raw_data.txt,50q,2D_Block,3000,53.898797270371524,1558969.993006911,8.940064352976052,0.07040957498419391,1.9012748384175107,0.3024896424615922
50q_readout_raw_data.txt,50q,2D_Block,4000,39715.56387698096,4.116012846267047e+18,28115.76272131114,1.051145244507327,1.6270594203150306,1.1762573990501388
50q_readout_raw_data.txt,50q,2D_Block,5000,36065.415945404646,1.5488648403914608e+17,15350.791142391143,0.35852800330992624,1.5941882896068609,1.0778621013218896
50q_readout_raw_data.txt,50q,2D_Block,6000,18622.54453478185,60917952703981.73,8101.200883875444,0.16008285831447236,1.6241798190096326,0.9687993683429448
50q_readout_raw_data.txt,50q,2D_Block,7000,8444.054434489133,3989302879707.033,4484.164158974263,0.46535141061401875,1.4545110473362601,1.0971739118310773
50q_readout_raw_data.txt,50q,2D_Block,8000,597.9775601633139,10624970393.303955,279.3318798485383,0.8579702460116262,1.5496841803883172,1.1752812129629193
50q_readout_raw_data.txt,50q,2D_Block,9000,2971.5790468500145,253145865617.93356,1990.9099322960387,0.28355957841742746,1.5081518887464689,1.0602460983873363
50q_readout_raw_data.txt,50q,2D_Block,10000,1883894.6971029819,5.100989102896364e+26,1820698.3647219348,1.3503385378148285,1.2133719009926671,1.3681979872947962
50q_readout_raw_data.txt,50q,2D_Block,15000,3538574309.3119035,1.2417925282412556e+19,3538572881.4199667,1.8018615230917578,1.5227615521828324,1.034050679958412
50q_readout_raw_data.txt,50q,2D_Block,20000,1526.5588775423407,181819183715.09534,1186.9124145198566,1.3097143154210154,1.5076540148615767,1.06846212404623
50q_readout_raw_data.txt,50q,2D_Block,30000,1008.2166731422458,17453649677.795856,569.7523172467081,0.47142911164832907,1.5647525682180958,0.962582470620819
50q_readout_raw_data.txt,50q,2D_Block,40000,6852.653758052822,6299600655917534.0,4838.9540124108025,0.8262988550796474,1.0179978650555594,1.6375811846844335
51q_readout_raw_data.txt,51q,Bulk_Full,500,495.4540676537722,9171277411.405891,315.39921238028313,0.0,1.6854434040535096,0.6900450030169488
51q_readout_raw_data.txt,51q,Bulk_Full,1000,77.90617855596658,10871200.252951358,19.59554403681662,0.37320316686761085,1.7705526080333969,0.5961550212968829
51q_readout_raw_data.txt,51q,Bulk_Full,2000,58.312825865366506,2348046.2008187063,12.084797964181984,0.17425953699190602,1.8687230483110677,0.3917603045316184
51q_readout_raw_data.txt,51q,Bulk_Full,3000,52.93960130295803,1286532.8783194153,9.924207122169223,0.08293623551044871,1.9052331944522298,0.29020420375840444
51q_readout_raw_data.txt,51q,Bulk_Full,4000,446.30156694779106,13771483784.38758,182.21782009950547,0.48688596218653046,1.6177502620233606,1.1503243460626473
51q_readout_raw_data.txt,51q,Bulk_Full,5000,15994.07215597329,18651626235538.24,12612.120454901777,0.3390383973668715,1.5704844657013195,1.0952203435821517
51q_readout_raw_data.txt,51q,Bulk_Full,6000,4489.500884475275,49631435612.77537,2649.476151245696,0.1638729510973052,1.6175640819599106,0.957371273828303
51q_readout_raw_data.txt,51q,Bulk_Full,7000,3312.793152545549,847095878352.6736,1526.4533392952674,0.6644074502200598,1.5191578977137377,1.0694869942170901
51q_readout_raw_data.txt,51q,Bulk_Full,8000,4721.358107819179,91776871128920.5,3190.7055059435056,1.8432770702937442,1.3338064981368818,1.4051075988223949
51q_readout_raw_data.txt,51q,Bulk_Full,9000,234804.0456240925,3.0246361602863437e+18,210414.0253358241,0.32362023561450115,1.5782140917853156,1.1307403481360778
51q_readout_raw_data.txt,51q,Bulk_Full,10000,27411.052707401952,2103186331793201.0,11449.451440722567,0.35295441929408267,1.3467907150195197,1.192109916620363
51q_readout_raw_data.txt,51q,Bulk_Full,15000,1102.3934405491136,30687246238.038746,713.7852900560177,1.6398581374225958,1.6000063445661652,0.9568913509348965
51q_readout_raw_data.txt,51q,Bulk_Full,20000,23070.848282518462,7.172982111683792e+19,9089.083727089304,3.15723226214852,0.9331196086381592,1.5675262124153675
51q_readout_raw_data.txt,51q,Bulk_Full,30000,22023.78836990522,16318941436393.086,20381.87715554423,1.7952635866293039,1.386423640284159,1.1944459878207407
51q_readout_raw_data.txt,51q,Bulk_Full,40000,1159.9881633362343,11208127019797.236,618.3463769938937,0.8841751065688915,1.1788942478297184,1.325700232603443
53q_readout_raw_data.txt,53q,Bulk_Full,500,16154.495595792769,70218453148.92804,16049.546404368655,0.0,1.4611689745356944,0.9714224196281004
53q_readout_raw_data.txt,53q,Bulk_Full,1000,63.40226362176493,4458900.785048757,11.055583897265265,0.651157591823938,1.8304211212201138,0.4844578402886456
53q_readout_raw_data.txt,53q,Bulk_Full,2000,342.8040991731601,40279628.83977571,296.38103259079196,0.7501720054220132,1.6558644735914516,0.7344310105016442
53q_readout_raw_data.txt,53q,Bulk_Full,3000,220.13146800918278,18850992.036652204,177.09874698236075,0.09543550584871888,1.7017567530885924,0.6564473145101681
53q_readout_raw_data.txt,53q,Bulk_Full,4000,8500.129737632462,10489324046505.56,7552.031110444545,0.7598346195327055,1.606390559481135,1.1318605157960602
53q_readout_raw_data.txt,53q,Bulk_Full,5000,4549.345167668802,1345867190140.0957,2141.7192543672318,0.26149820070317176,1.6348250168082321,0.9778163435439214
53q_readout_raw_data.txt,53q,Bulk_Full,6000,2278.173742705728,10624645346.297688,1396.5109741670735,0.14599393621170523,1.6455981717290826,0.8995349590946105
53q_readout_raw_data.txt,53q,Bulk_Full,7000,1611.0920624249773,377659801040.9681,1290.4868176266693,0.3621641049443388,1.6407307665937794,0.912337335896907
53q_readout_raw_data.txt,53q,Bulk_Full,8000,1538.0267390242732,2556411311207.5815,777.7045993480973,1.1371293976813583,1.3694087161054977,1.3097295132471805
53q_readout_raw_data.txt,53q,Bulk_Full,9000,7498.325860115671,2264241912678.88,6374.309653494486,0.17983919908900378,1.4479093005478052,1.15548737453908
53q_readout_raw_data.txt,53q,Bulk_Full,10000,3919.7141306679587,4619956973885.88,2951.5941201312685,0.5345755902897064,1.514033380239448,1.078268718811762
53q_readout_raw_data.txt,53q,Bulk_Full,15000,142.63460714369648,73014301.0024177,55.81107900844097,0.8622960019807192,1.704775884402809,0.8763823667825048
53q_readout_raw_data.txt,53q,Bulk_Full,20000,1495.7244301549256,492977411324.4589,1194.7596304523036,2.030571670704856,1.1484628905258154,1.4092392712906305
53q_readout_raw_data.txt,53q,Bulk_Full,30000,421.2081004475905,42865806966.34703,248.0847224235976,1.1754474263509664,1.3797114400449852,1.1125549199657512
53q_readout_raw_data.txt,53q,Bulk_Full,40000,628.1672655065377,361089957723.18835,249.5934575398051,0.6646926726272894,1.24301084480038,1.2901065529590505
