data_source,file,q_label,topology,n_points,ricci_ambient,log_det_fisher,fisher_speed_dn
measured,12q_readout_raw_data.txt,12q,2D_Block,500,,1144.491474296195,
measured,12q_readout_raw_data.txt,12q,2D_Block,1000,,1134.6798829018462,0.001926369437760006
measured,12q_readout_raw_data.txt,12q,2D_Block,2000,,1169.2491671479856,0.000801014932009205
measured,12q_readout_raw_data.txt,12q,2D_Block,3000,,1192.8420772671952,0.0007889296832844422
measured,12q_readout_raw_data.txt,12q,2D_Block,4000,,896.8118844867945,0.0022682375598103315
measured,12q_readout_raw_data.txt,12q,2D_Block,5000,,937.4920529513214,0.002392472536006475
measured,12q_readout_raw_data.txt,12q,2D_Block,6000,,1185.3423178542696,0.0012982506307504251
measured,12q_readout_raw_data.txt,12q,2D_Block,7000,,1000.8329711648496,0.004019308766309882
measured,12q_readout_raw_data.txt,12q,2D_Block,8000,,896.6229053996914,0.0034728208160820576
measured,12q_readout_raw_data.txt,12q,2D_Block,9000,,924.1717452109796,0.0020764331300691156
measured,12q_readout_raw_data.txt,12q,2D_Block,10000,,764.1151060231725,0.004615398780054243
measured,12q_readout_raw_data.txt,12q,2D_Block,15000,,1052.8207464216403,0.0010209409862384452
measured,12q_readout_raw_data.txt,12q,2D_Block,20000,,632.8015995078,0.0007173751446764631
measured,12q_readout_raw_data.txt,12q,2D_Block,30000,,291.4644604126378,0.0003706785041607027
measured,12q_readout_raw_data.txt,12q,2D_Block,40000,,418.18692943889596,0.000417858470039414
measured,14q_readout_raw_data.txt,14q,1D_Snake,500,,1126.5696231858242,
measured,14q_readout_raw_data.txt,14q,1D_Snake,1000,,986.7630974320523,0.003950471116411474
measured,14q_readout_raw_data.txt,14q,1D_Snake,2000,,1008.5892629786117,0.000909941109012093
measured,14q_readout_raw_data.txt,14q,1D_Snake,3000,,1019.290035601494,0.0008991193799269417
measured,14q_readout_raw_data.txt,14q,1D_Snake,4000,,1271.313976358119,0.0036918899987192395
measured,14q_readout_raw_data.txt,14q,1D_Snake,5000,,1340.9477834640788,0.004310700011037794
measured,14q_readout_raw_data.txt,14q,1D_Snake,6000,,1186.2738573976399,0.0022416366853307847
measured,14q_readout_raw_data.txt,14q,1D_Snake,7000,,1083.1584865092345,0.0029934571771442144
measured,14q_readout_raw_data.txt,14q,1D_Snake,8000,,1058.747009913568,0.0038176799777676143
measured,14q_readout_raw_data.txt,14q,1D_Snake,9000,,1005.076233441017,0.004763677527715373
measured,14q_readout_raw_data.txt,14q,1D_Snake,10000,,987.0089632256619,0.0022961265753739576
measured,14q_readout_raw_data.txt,14q,1D_Snake,15000,,1098.971905230653,0.0010459150195141344
measured,14q_readout_raw_data.txt,14q,1D_Snake,20000,,536.0040516406902,0.0009563327837545872
measured,14q_readout_raw_data.txt,14q,1D_Snake,30000,,273.5575961185198,0.00037507438583890405
measured,14q_readout_raw_data.txt,14q,1D_Snake,40000,,442.98184046607486,0.00044686843698433316
measured,16q_readout_raw_data.txt,16q,2D_Block,500,,1160.5332480608324,
measured,16q_readout_raw_data.txt,16q,2D_Block,1000,,1129.6223243497675,0.0022687356821425694
measured,16q_readout_raw_data.txt,16q,2D_Block,2000,,1137.166588431012,0.0005362044199796656
measured,16q_readout_raw_data.txt,16q,2D_Block,3000,,1204.6378314185022,0.0003899874805513703
measured,16q_readout_raw_data.txt,16q,2D_Block,4000,,1306.904638518993,0.0026305231838695277
measured,16q_readout_raw_data.txt,16q,2D_Block,5000,,1154.4249714752852,0.004054528871890595
measured,16q_readout_raw_data.txt,16q,2D_Block,6000,,1224.4043988106941,0.0039031400056222724
measured,16q_readout_raw_data.txt,16q,2D_Block,7000,,830.8340386547882,0.004002576364143941
measured,16q_readout_raw_data.txt,16q,2D_Block,8000,,1045.0670783992248,0.004290823876109536
measured,16q_readout_raw_data.txt,16q,2D_Block,9000,,987.080548905568,0.001429876179307553
measured,16q_readout_raw_data.txt,16q,2D_Block,10000,,821.4057912462216,0.003193052885427689
measured,16q_readout_raw_data.txt,16q,2D_Block,15000,,952.0088150232308,0.0008807814060887839
measured,16q_readout_raw_data.txt,16q,2D_Block,20000,,658.2567607471102,0.00089518636720305
measured,16q_readout_raw_data.txt,16q,2D_Block,30000,,277.84224114261633,0.000419589892943511
measured,16q_readout_raw_data.txt,16q,2D_Block,40000,,331.4149095903877,0.0004374636780261537
measured,18q_readout_raw_data.txt,18q,1D_Snake,500,,978.4791299502929,
measured,18q_readout_raw_data.txt,18q,1D_Snake,1000,,973.9194349085926,0.0028727404877006276
measured,18q_readout_raw_data.txt,18q,1D_Snake,2000,,1005.828438420946,0.0011932566274241601
measured,18q_readout_raw_data.txt,18q,1D_Snake,3000,,1020.7787708509765,0.0006448088459175638
measured,18q_readout_raw_data.txt,18q,1D_Snake,4000,,1118.6327476787426,0.0036098180169586444
measured,18q_readout_raw_data.txt,18q,1D_Snake,5000,,1162.8962026808338,0.001974114906503125
measured,18q_readout_raw_data.txt,18q,1D_Snake,6000,,1039.5483525153936,0.001546003865025168
measured,18q_readout_raw_data.txt,18q,1D_Snake,7000,,878.9140346871911,0.0019189061598562348
measured,18q_readout_raw_data.txt,18q,1D_Snake,8000,,882.5432837527949,0.003399386027828174
measured,18q_readout_raw_data.txt,18q,1D_Snake,9000,,776.4594387371943,0.0018726138555751363
measured,18q_readout_raw_data.txt,18q,1D_Snake,10000,,845.4348157345296,0.004242105385763381
measured,18q_readout_raw_data.txt,18q,1D_Snake,15000,,914.4666213417338,0.000892751983563368
measured,18q_readout_raw_data.txt,18q,1D_Snake,20000,,241.12128668105996,0.0009245287332811719
measured,18q_readout_raw_data.txt,18q,1D_Snake,30000,,242.18788824437712,0.00028878401399163244
measured,18q_readout_raw_data.txt,18q,1D_Snake,40000,,439.5374665387613,0.0003144312674519835
measured,20q_readout_raw_data.txt,20q,2D_Block,500,,983.760308667872,
measured,20q_readout_raw_data.txt,20q,2D_Block,1000,,996.3603885288754,0.0035935833397962437
measured,20q_readout_raw_data.txt,20q,2D_Block,2000,,1034.5861443152942,0.0009761016121683135
measured,20q_readout_raw_data.txt,20q,2D_Block,3000,,1025.0773336526822,0.0007193146278347929
measured,20q_readout_raw_data.txt,20q,2D_Block,4000,,997.2819878055466,0.003214236312514885
measured,20q_readout_raw_data.txt,20q,2D_Block,5000,,1023.2152601370061,0.004246588628586979
measured,20q_readout_raw_data.txt,20q,2D_Block,6000,,1026.2964093650335,0.004133017706995615
measured,20q_readout_raw_data.txt,20q,2D_Block,7000,,846.1698848637927,0.004665977924196023
measured,20q_readout_raw_data.txt,20q,2D_Block,8000,,1004.8817192930763,0.004529256970185396
measured,20q_readout_raw_data.txt,20q,2D_Block,9000,,1002.1555809914857,0.0020387417779684806
measured,20q_readout_raw_data.txt,20q,2D_Block,10000,,839.8781037490667,0.004040201322520831
measured,20q_readout_raw_data.txt,20q,2D_Block,15000,,420.41846702001925,0.0010496403696438983
measured,20q_readout_raw_data.txt,20q,2D_Block,20000,,290.59250399598005,0.0008479985225841589
measured,20q_readout_raw_data.txt,20q,2D_Block,30000,,576.868588837529,0.00040956524310723923
measured,20q_readout_raw_data.txt,20q,2D_Block,40000,,448.40306927935967,0.0005079062020606437
measured,22q_readout_raw_data.txt,22q,1D_Snake,500,,843.3365783782965,
measured,22q_readout_raw_data.txt,22q,1D_Snake,1000,,955.2369806729239,0.002437424413720186
measured,22q_readout_raw_data.txt,22q,1D_Snake,2000,,884.8723429326581,0.0013064030236710979
measured,22q_readout_raw_data.txt,22q,1D_Snake,3000,,1038.9770481465723,0.001381644788276964
measured,22q_readout_raw_data.txt,22q,1D_Snake,4000,,1409.616386722415,0.0027451202416513667
measured,22q_readout_raw_data.txt,22q,1D_Snake,5000,,1178.2092648690268,0.004317331096090232
measured,22q_readout_raw_data.txt,22q,1D_Snake,6000,,1324.635092496942,0.0033159167607607685
measured,22q_readout_raw_data.txt,22q,1D_Snake,7000,,1005.7325696278386,0.0035397605788552037
measured,22q_readout_raw_data.txt,22q,1D_Snake,8000,,980.8898731006749,0.004146567512293641
measured,22q_readout_raw_data.txt,22q,1D_Snake,9000,,926.9332441283168,0.0013699989075911024
measured,22q_readout_raw_data.txt,22q,1D_Snake,10000,,764.8839284601796,0.002683589717540093
measured,22q_readout_raw_data.txt,22q,1D_Snake,15000,,743.5330392850085,0.0008696844352974491
measured,22q_readout_raw_data.txt,22q,1D_Snake,20000,,645.7119078217996,0.0009918511086668828
measured,22q_readout_raw_data.txt,22q,1D_Snake,30000,,612.8116399079287,0.00044815486139301717
measured,22q_readout_raw_data.txt,22q,1D_Snake,40000,,294.6411403084378,0.0005055787285559993
measured,24q_readout_raw_data.txt,24q,2D_Block,500,,846.6340862389354,
measured,24q_readout_raw_data.txt,24q,2D_Block,1000,,816.9895516319292,0.0034864308833710703
measured,24q_readout_raw_data.txt,24q,2D_Block,2000,,810.904957587288,0.0015252031538088445
measured,24q_readout_raw_data.txt,24q,2D_Block,3000,,663.804837394502,0.0022628606122418004
measured,24q_readout_raw_data.txt,24q,2D_Block,4000,,1089.126567860085,0.004293690132675099
measured,24q_readout_raw_data.txt,24q,2D_Block,5000,,1137.0783489373582,0.0022265755464555537
measured,24q_readout_raw_data.txt,24q,2D_Block,6000,,792.7206043053365,0.0033383135060400825
measured,24q_readout_raw_data.txt,24q,2D_Block,7000,,765.3021150938063,0.003908285024389082
measured,24q_readout_raw_data.txt,24q,2D_Block,8000,,967.0757771087249,0.004719838709440102
measured,24q_readout_raw_data.txt,24q,2D_Block,9000,,822.2570609514252,0.0025973356657233424
measured,24q_readout_raw_data.txt,24q,2D_Block,10000,,644.6341601388112,0.003841293804420865
measured,24q_readout_raw_data.txt,24q,2D_Block,15000,,839.5347674785826,0.0009514359526409353
measured,24q_readout_raw_data.txt,24q,2D_Block,20000,,351.43512170534405,0.0009707226676203234
measured,24q_readout_raw_data.txt,24q,2D_Block,30000,,266.1254917459205,0.00040442524898402825
measured,24q_readout_raw_data.txt,24q,2D_Block,40000,,272.9451177843035,0.0003406882400698681
measured,26q_readout_raw_data.txt,26q,Bulk_Full,500,,621.7418827517287,
measured,26q_readout_raw_data.txt,26q,Bulk_Full,1000,,798.100849040858,0.00749672453335487
measured,26q_readout_raw_data.txt,26q,Bulk_Full,2000,,826.8664426653214,0.0014796824718042816
measured,26q_readout_raw_data.txt,26q,Bulk_Full,3000,,839.4985873573588,0.0009988793841623203
measured,26q_readout_raw_data.txt,26q,Bulk_Full,4000,,1127.231123399527,0.0032496635647832404
measured,26q_readout_raw_data.txt,26q,Bulk_Full,5000,,1002.427628817404,0.0033871177031917863
measured,26q_readout_raw_data.txt,26q,Bulk_Full,6000,,1015.414920370713,0.00416698258448178
measured,26q_readout_raw_data.txt,26q,Bulk_Full,7000,,750.8836198539897,0.002996719070942606
measured,26q_readout_raw_data.txt,26q,Bulk_Full,8000,,970.539578225284,0.004401197484054657
measured,26q_readout_raw_data.txt,26q,Bulk_Full,9000,,922.9865727989622,0.003874926766682078
measured,26q_readout_raw_data.txt,26q,Bulk_Full,10000,,787.7175423982031,0.002370402336479548
measured,26q_readout_raw_data.txt,26q,Bulk_Full,15000,,903.2147927558669,0.000993937051081142
measured,26q_readout_raw_data.txt,26q,Bulk_Full,20000,,594.2233775027795,0.0009748037993456076
measured,26q_readout_raw_data.txt,26q,Bulk_Full,30000,,273.22761167073014,0.0004311564870194787
measured,26q_readout_raw_data.txt,26q,Bulk_Full,40000,,326.6484222670634,0.0003464719236891308
measured,28q_readout_raw_data.txt,28q,1D_Snake,500,,682.1828703009649,
measured,28q_readout_raw_data.txt,28q,1D_Snake,1000,,787.558702990145,0.0053900858171678605
measured,28q_readout_raw_data.txt,28q,1D_Snake,2000,,826.880697763644,0.0014989389658227388
measured,28q_readout_raw_data.txt,28q,1D_Snake,3000,,841.5252281438308,0.0013349993343133523
measured,28q_readout_raw_data.txt,28q,1D_Snake,4000,,1137.418334663756,0.004163589884868118
measured,28q_readout_raw_data.txt,28q,1D_Snake,5000,,1033.67247554116,0.002365477408703708
measured,28q_readout_raw_data.txt,28q,1D_Snake,6000,,1020.8482956277062,0.002869328927902223
measured,28q_readout_raw_data.txt,28q,1D_Snake,7000,,705.5230210995202,0.0025937726182229917
measured,28q_readout_raw_data.txt,28q,1D_Snake,8000,,965.5535074248529,0.0038198206322173664
measured,28q_readout_raw_data.txt,28q,1D_Snake,9000,,1004.0430941155655,0.004037466026238526
measured,28q_readout_raw_data.txt,28q,1D_Snake,10000,,588.8148747628805,0.004363159297483679
measured,28q_readout_raw_data.txt,28q,1D_Snake,15000,,898.3682343127622,0.0009842776754838216
measured,28q_readout_raw_data.txt,28q,1D_Snake,20000,,600.9888074089936,0.0008341743737704697
measured,28q_readout_raw_data.txt,28q,1D_Snake,30000,,402.81946334392126,0.00045403710555842026
measured,28q_readout_raw_data.txt,28q,1D_Snake,40000,,294.770768059437,0.0004066901393891556
measured,30q_readout_raw_data.txt,30q,2D_Block,500,,629.5710361673622,
measured,30q_readout_raw_data.txt,30q,2D_Block,1000,,453.6963701952906,0.005912736581549889
measured,30q_readout_raw_data.txt,30q,2D_Block,2000,,425.3840497192953,0.0021731308675658526
measured,30q_readout_raw_data.txt,30q,2D_Block,3000,,428.2462355398059,0.001598586609652602
measured,30q_readout_raw_data.txt,30q,2D_Block,4000,,1058.0448915793722,0.004563930752842513
measured,30q_readout_raw_data.txt,30q,2D_Block,5000,,907.0114877736994,0.0024053520828030187
measured,30q_readout_raw_data.txt,30q,2D_Block,6000,,803.9245171271405,0.001906695494960289
measured,30q_readout_raw_data.txt,30q,2D_Block,7000,,748.2171819209252,0.003647962631589694
measured,30q_readout_raw_data.txt,30q,2D_Block,8000,,958.3489048353081,0.0042827148460253895
measured,30q_readout_raw_data.txt,30q,2D_Block,9000,,919.3731481589871,0.0021972541469738815
measured,30q_readout_raw_data.txt,30q,2D_Block,10000,,635.261253487897,0.0032310840209081324
measured,30q_readout_raw_data.txt,30q,2D_Block,15000,,429.32254983581623,0.0009499772276336266
measured,30q_readout_raw_data.txt,30q,2D_Block,20000,,594.37406961534,0.0008768291658982308
measured,30q_readout_raw_data.txt,30q,2D_Block,30000,,390.37172878028366,0.00042925127430513743
measured,30q_readout_raw_data.txt,30q,2D_Block,40000,,299.0562518252955,0.00038235001602097713
measured,32q_readout_raw_data.txt,32q,1D_Snake,500,,647.2142297892864,
measured,32q_readout_raw_data.txt,32q,1D_Snake,1000,,631.0075059550886,0.0046910243726246605
measured,32q_readout_raw_data.txt,32q,1D_Snake,2000,,426.07630651420124,0.003799078796741738
measured,32q_readout_raw_data.txt,32q,1D_Snake,3000,,653.7242202492388,0.003542153463756937
measured,32q_readout_raw_data.txt,32q,1D_Snake,4000,,1102.893329777459,0.004359828245673596
measured,32q_readout_raw_data.txt,32q,1D_Snake,5000,,972.3570720029248,0.002247916744254778
measured,32q_readout_raw_data.txt,32q,1D_Snake,6000,,963.580262819701,0.002239070426682672
measured,32q_readout_raw_data.txt,32q,1D_Snake,7000,,791.000063070245,0.0015579014382883973
measured,32q_readout_raw_data.txt,32q,1D_Snake,8000,,741.1375054272248,0.003942193197937539
measured,32q_readout_raw_data.txt,32q,1D_Snake,9000,,766.507124351312,0.002537405145442938
measured,32q_readout_raw_data.txt,32q,1D_Snake,10000,,619.0243068226235,0.0031632032092442017
measured,32q_readout_raw_data.txt,32q,1D_Snake,15000,,548.4301447423867,0.0008764091702952733
measured,32q_readout_raw_data.txt,32q,1D_Snake,20000,,623.1831998441929,0.0008804991599724076
measured,32q_readout_raw_data.txt,32q,1D_Snake,30000,,350.01768976239794,0.0004996433598213641
measured,32q_readout_raw_data.txt,32q,1D_Snake,40000,,308.5111423620488,0.0004293550524085044
measured,34q_readout_raw_data.txt,34q,2D_Block,500,,451.1924038707304,
measured,34q_readout_raw_data.txt,34q,2D_Block,1000,,482.79443457536763,0.005866481278034071
measured,34q_readout_raw_data.txt,34q,2D_Block,2000,,625.4270950653997,0.0027963119138343013
measured,34q_readout_raw_data.txt,34q,2D_Block,3000,,645.3058417685952,0.0011675471172866165
measured,34q_readout_raw_data.txt,34q,2D_Block,4000,,1113.6458114334534,0.00427495903673288
measured,34q_readout_raw_data.txt,34q,2D_Block,5000,,744.582882412226,0.0034739960468406017
measured,34q_readout_raw_data.txt,34q,2D_Block,6000,,736.8038134933403,0.0030268301171417437
measured,34q_readout_raw_data.txt,34q,2D_Block,7000,,572.457199296647,0.0035504676391448953
measured,34q_readout_raw_data.txt,34q,2D_Block,8000,,1078.7003326373674,0.004971867449981298
measured,34q_readout_raw_data.txt,34q,2D_Block,9000,,933.0972043272747,0.0018495243768984254
measured,34q_readout_raw_data.txt,34q,2D_Block,10000,,892.5208658059875,0.0012876724019484447
measured,34q_readout_raw_data.txt,34q,2D_Block,15000,,934.6526915575663,0.0007921793718953285
measured,34q_readout_raw_data.txt,34q,2D_Block,20000,,606.2688612378864,0.0008920076723458856
measured,34q_readout_raw_data.txt,34q,2D_Block,30000,,430.71568510574684,0.0003388658969501301
measured,34q_readout_raw_data.txt,34q,2D_Block,40000,,309.60834843079107,0.0004116435852172672
measured,36q_readout_raw_data.txt,36q,Bulk_Full,500,,490.2608307268865,
measured,36q_readout_raw_data.txt,36q,Bulk_Full,1000,,450.7923731103089,0.004524335509627044
measured,36q_readout_raw_data.txt,36q,Bulk_Full,2000,,420.26823221818165,0.002194407542929822
measured,36q_readout_raw_data.txt,36q,Bulk_Full,3000,,427.98910731881966,0.0012096141889375337
measured,36q_readout_raw_data.txt,36q,Bulk_Full,4000,,1073.4429957730551,0.004507047161249471
measured,36q_readout_raw_data.txt,36q,Bulk_Full,5000,,1158.5135400777992,0.0035265086319874843
measured,36q_readout_raw_data.txt,36q,Bulk_Full,6000,,621.5764973854108,0.0035933084321208
measured,36q_readout_raw_data.txt,36q,Bulk_Full,7000,,792.5176914212745,0.004072342529635769
measured,36q_readout_raw_data.txt,36q,Bulk_Full,8000,,1114.8022412091434,0.004115176277280261
measured,36q_readout_raw_data.txt,36q,Bulk_Full,9000,,794.7240725342268,0.0029195725272658157
measured,36q_readout_raw_data.txt,36q,Bulk_Full,10000,,736.195011582449,0.0033349294681257993
measured,36q_readout_raw_data.txt,36q,Bulk_Full,15000,,776.8810372226711,0.0008217206396611098
measured,36q_readout_raw_data.txt,36q,Bulk_Full,20000,,461.6121744157213,0.0009906718872386981
measured,36q_readout_raw_data.txt,36q,Bulk_Full,30000,,275.3445504721355,0.0004289859729479153
measured,36q_readout_raw_data.txt,36q,Bulk_Full,40000,,281.64361877169017,0.00033103160779595004
measured,38q_readout_raw_data.txt,38q,Bulk_Full,500,,684.3724616431589,
measured,38q_readout_raw_data.txt,38q,Bulk_Full,1000,,804.6668181168482,0.005705827190189015
measured,38q_readout_raw_data.txt,38q,Bulk_Full,2000,,818.6972996411092,0.0013795295681495515
measured,38q_readout_raw_data.txt,38q,Bulk_Full,3000,,831.8830872249675,0.0008128928404886524
measured,38q_readout_raw_data.txt,38q,Bulk_Full,4000,,961.3496586740138,0.00332669787491384
measured,38q_readout_raw_data.txt,38q,Bulk_Full,5000,,963.3479651453702,0.0037323870174018068
measured,38q_readout_raw_data.txt,38q,Bulk_Full,6000,,786.5768859874339,0.0022923502446890384
measured,38q_readout_raw_data.txt,38q,Bulk_Full,7000,,802.6753656007332,0.002678069439699545
measured,38q_readout_raw_data.txt,38q,Bulk_Full,8000,,1066.8241513067828,0.004056345099050612
measured,38q_readout_raw_data.txt,38q,Bulk_Full,9000,,750.5820831165629,0.0032818694159692545
measured,38q_readout_raw_data.txt,38q,Bulk_Full,10000,,784.5312474508717,0.0037821200122666416
measured,38q_readout_raw_data.txt,38q,Bulk_Full,15000,,827.4977097719354,0.0009697315021584826
measured,38q_readout_raw_data.txt,38q,Bulk_Full,20000,,265.4018922995716,0.0009515746599881494
measured,38q_readout_raw_data.txt,38q,Bulk_Full,30000,,222.28832112298082,0.00039248389418294714
measured,38q_readout_raw_data.txt,38q,Bulk_Full,40000,,410.0131794553509,0.0004396128726803612
measured,39q_readout_raw_data.txt,39q,2D_Block,500,,602.5437576124664,
measured,39q_readout_raw_data.txt,39q,2D_Block,1000,,616.8823843104344,0.0033746083967483285
measured,39q_readout_raw_data.txt,39q,2D_Block,2000,,625.9946180775337,0.0015326119634471844
measured,39q_readout_raw_data.txt,39q,2D_Block,3000,,630.0124330093529,0.001023455434015414
measured,39q_readout_raw_data.txt,39q,2D_Block,4000,,1241.4649442702787,0.004339328980163754
measured,39q_readout_raw_data.txt,39q,2D_Block,5000,,915.3833106311071,0.003036887918570015
measured,39q_readout_raw_data.txt,39q,2D_Block,6000,,957.9063428154732,0.002024657996537826
measured,39q_readout_raw_data.txt,39q,2D_Block,7000,,478.37639597334424,0.00398343181898801
measured,39q_readout_raw_data.txt,39q,2D_Block,8000,,744.7416630494971,0.004969617012012803
measured,39q_readout_raw_data.txt,39q,2D_Block,9000,,733.5808906032447,0.0019950084939155018
measured,39q_readout_raw_data.txt,39q,2D_Block,10000,,604.2622607175471,0.0029242525733831084
measured,39q_readout_raw_data.txt,39q,2D_Block,15000,,698.3121306166147,0.0008751711626557968
measured,39q_readout_raw_data.txt,39q,2D_Block,20000,,615.403019306489,0.0008176944025900589
measured,39q_readout_raw_data.txt,39q,2D_Block,30000,,418.67685303933666,0.00043652536487005263
measured,39q_readout_raw_data.txt,39q,2D_Block,40000,,314.6549528018464,0.00039742412871933083
measured,40q_readout_raw_data.txt,40q,2D_Block,500,,418.61714604775796,
measured,40q_readout_raw_data.txt,40q,2D_Block,1000,,416.635422629734,0.00559120360593972
measured,40q_readout_raw_data.txt,40q,2D_Block,2000,,413.241802284709,0.0019326945227244052
measured,40q_readout_raw_data.txt,40q,2D_Block,3000,,421.867088681714,0.001346038863708392
measured,40q_readout_raw_data.txt,40q,2D_Block,4000,,953.8710868028534,0.0043745940421848015
measured,40q_readout_raw_data.txt,40q,2D_Block,5000,,776.4301426063469,0.0028369164053715637
measured,40q_readout_raw_data.txt,40q,2D_Block,6000,,602.27415333432,0.0031379515945276736
measured,40q_readout_raw_data.txt,40q,2D_Block,7000,,615.8273719109797,0.0035275482328807977
measured,40q_readout_raw_data.txt,40q,2D_Block,8000,,910.0149023589578,0.004731869104007
measured,40q_readout_raw_data.txt,40q,2D_Block,9000,,937.5075852313479,0.0016626671368159948
measured,40q_readout_raw_data.txt,40q,2D_Block,10000,,750.1437673228015,0.0029172991286030452
measured,40q_readout_raw_data.txt,40q,2D_Block,15000,,1040.1332268697618,0.0008885290745788008
measured,40q_readout_raw_data.txt,40q,2D_Block,20000,,500.350259431271,0.001083876633175464
measured,40q_readout_raw_data.txt,40q,2D_Block,30000,,316.90696045759086,0.0004027129028676633
measured,40q_readout_raw_data.txt,40q,2D_Block,40000,,285.13023936454687,0.0004110759003135022
measured,41q_readout_raw_data.txt,41q,2D_Block,500,,643.4009188027286,
measured,41q_readout_raw_data.txt,41q,2D_Block,1000,,442.9565792453549,0.005267162061426326
measured,41q_readout_raw_data.txt,41q,2D_Block,2000,,425.71824333834996,0.002281609221047814
measured,41q_readout_raw_data.txt,41q,2D_Block,3000,,440.80118287922323,0.001653539809282341
measured,41q_readout_raw_data.txt,41q,2D_Block,4000,,898.8713625247639,0.004511243498831665
measured,41q_readout_raw_data.txt,41q,2D_Block,5000,,737.4074188206297,0.0024408571490856295
measured,41q_readout_raw_data.txt,41q,2D_Block,6000,,588.0626038360592,0.002524324653352303
measured,41q_readout_raw_data.txt,41q,2D_Block,7000,,554.0983760421685,0.0027837018275348713
measured,41q_readout_raw_data.txt,41q,2D_Block,8000,,1064.018638173233,0.004524633941268967
measured,41q_readout_raw_data.txt,41q,2D_Block,9000,,928.5983535746481,0.0019529723147083278
measured,41q_readout_raw_data.txt,41q,2D_Block,10000,,619.7653429609553,0.0037474672560510835
measured,41q_readout_raw_data.txt,41q,2D_Block,15000,,572.5414396833921,0.0010081061478051892
measured,41q_readout_raw_data.txt,41q,2D_Block,20000,,414.6013732252,0.0010056831463608885
measured,41q_readout_raw_data.txt,41q,2D_Block,30000,,613.9787575136573,0.0005025834170290802
measured,41q_readout_raw_data.txt,41q,2D_Block,40000,,523.0531202256584,0.0003576838064859341
measured,42q_readout_raw_data.txt,42q,2D_Block,500,,274.94612484639543,
measured,42q_readout_raw_data.txt,42q,2D_Block,1000,,414.19167613413936,0.0068624395924352785
measured,42q_readout_raw_data.txt,42q,2D_Block,2000,,408.5102127443599,0.0016414793268055823
measured,42q_readout_raw_data.txt,42q,2D_Block,3000,,413.84747524647145,0.0012348654825233487
measured,42q_readout_raw_data.txt,42q,2D_Block,4000,,1070.070934985492,0.00491664939261615
measured,42q_readout_raw_data.txt,42q,2D_Block,5000,,767.3585414653786,0.0030318304075930215
measured,42q_readout_raw_data.txt,42q,2D_Block,6000,,588.086324199958,0.0024610898312532195
measured,42q_readout_raw_data.txt,42q,2D_Block,7000,,477.03459021155317,0.00340934002293862
measured,42q_readout_raw_data.txt,42q,2D_Block,8000,,799.5531763842949,0.004870667861425187
measured,42q_readout_raw_data.txt,42q,2D_Block,9000,,765.853016294521,0.002698437928557057
measured,42q_readout_raw_data.txt,42q,2D_Block,10000,,593.1034145009386,0.0024156459357697357
measured,42q_readout_raw_data.txt,42q,2D_Block,15000,,883.7383841251024,0.0008106550191129773
measured,42q_readout_raw_data.txt,42q,2D_Block,20000,,350.1095658533146,0.0010759996467107882
measured,42q_readout_raw_data.txt,42q,2D_Block,30000,,723.0326581111505,0.00046895139774714403
measured,42q_readout_raw_data.txt,42q,2D_Block,40000,,311.0870247305842,0.0005009072786263328
measured,43q_readout_raw_data.txt,43q,2D_Block,500,,415.1934971297045,
measured,43q_readout_raw_data.txt,43q,2D_Block,1000,,412.6323821136902,0.004132706090755152
measured,43q_readout_raw_data.txt,43q,2D_Block,2000,,411.492233724273,0.0018032773396018092
measured,43q_readout_raw_data.txt,43q,2D_Block,3000,,413.6512702464556,0.001299346263456045
measured,43q_readout_raw_data.txt,43q,2D_Block,4000,,1086.4539520144892,0.0044152294263704196
measured,43q_readout_raw_data.txt,43q,2D_Block,5000,,934.0489879480037,0.002824651380518042
measured,43q_readout_raw_data.txt,43q,2D_Block,6000,,762.3582012787346,0.0026716272555748002
measured,43q_readout_raw_data.txt,43q,2D_Block,7000,,669.9413255047803,0.0034558910639426246
measured,43q_readout_raw_data.txt,43q,2D_Block,8000,,934.5207535794145,0.004986707821392367
measured,43q_readout_raw_data.txt,43q,2D_Block,9000,,933.784228023364,0.0020868934340706907
measured,43q_readout_raw_data.txt,43q,2D_Block,10000,,926.4712618057929,0.0011408872957807902
measured,43q_readout_raw_data.txt,43q,2D_Block,15000,,665.5052919964747,0.000942666336320495
measured,43q_readout_raw_data.txt,43q,2D_Block,20000,,415.5647198707217,0.0008378718561278788
measured,43q_readout_raw_data.txt,43q,2D_Block,30000,,447.1388524648267,0.00044114441662316856
measured,43q_readout_raw_data.txt,43q,2D_Block,40000,,270.66454659916843,0.0004226296869427478
measured,44q_readout_raw_data.txt,44q,2D_Block,500,,421.31455971245333,
measured,44q_readout_raw_data.txt,44q,2D_Block,1000,,413.2158291419423,0.005039568491301827
measured,44q_readout_raw_data.txt,44q,2D_Block,2000,,626.0107367487814,0.0031771311093785693
measured,44q_readout_raw_data.txt,44q,2D_Block,3000,,639.1483731418436,0.001040226443018723
measured,44q_readout_raw_data.txt,44q,2D_Block,4000,,1219.1223301294817,0.004338925291984122
measured,44q_readout_raw_data.txt,44q,2D_Block,5000,,1012.7683223092532,0.0033406744885964407
measured,44q_readout_raw_data.txt,44q,2D_Block,6000,,997.9192483304059,0.002774454595424326
measured,44q_readout_raw_data.txt,44q,2D_Block,7000,,765.0828085800916,0.0030573940175207407
measured,44q_readout_raw_data.txt,44q,2D_Block,8000,,1066.1677720057928,0.003919633205807445
measured,44q_readout_raw_data.txt,44q,2D_Block,9000,,939.734748060218,0.0023394802345291384
measured,44q_readout_raw_data.txt,44q,2D_Block,10000,,813.7611146290028,0.002859603514490359
measured,44q_readout_raw_data.txt,44q,2D_Block,15000,,777.6782233862133,0.0007818174429839604
measured,44q_readout_raw_data.txt,44q,2D_Block,20000,,352.9513894081569,0.0010711408631948656
measured,44q_readout_raw_data.txt,44q,2D_Block,30000,,278.59975967971906,0.0004219802605265202
measured,44q_readout_raw_data.txt,44q,2D_Block,40000,,288.364720469542,0.00040166308286656427
measured,45q_readout_raw_data.txt,45q,2D_Block,500,,461.35353148834395,
measured,45q_readout_raw_data.txt,45q,2D_Block,1000,,417.8759620865056,0.004817377264109209
measured,45q_readout_raw_data.txt,45q,2D_Block,2000,,412.6886570557709,0.0017849729578636997
measured,45q_readout_raw_data.txt,45q,2D_Block,3000,,427.39323466765796,0.0013452374552540948
measured,45q_readout_raw_data.txt,45q,2D_Block,4000,,915.2236570912341,0.0042612078867200935
measured,45q_readout_raw_data.txt,45q,2D_Block,5000,,733.265748116291,0.0024649349380831253
measured,45q_readout_raw_data.txt,45q,2D_Block,6000,,743.357684476617,0.0013718765988509879
measured,45q_readout_raw_data.txt,45q,2D_Block,7000,,580.0740310812091,0.00282403613582411
measured,45q_readout_raw_data.txt,45q,2D_Block,8000,,1059.4970743736355,0.004082781369542994
measured,45q_readout_raw_data.txt,45q,2D_Block,9000,,914.5838765738705,0.0023293014213875613
measured,45q_readout_raw_data.txt,45q,2D_Block,10000,,628.8131621916374,0.0035552114018146956
measured,45q_readout_raw_data.txt,45q,2D_Block,15000,,1032.3868830827262,0.0008545837571816531
measured,45q_readout_raw_data.txt,45q,2D_Block,20000,,602.6891769870144,0.0009332218774974931
measured,45q_readout_raw_data.txt,45q,2D_Block,30000,,274.4887976677562,0.00042321791643161157
measured,45q_readout_raw_data.txt,45q,2D_Block,40000,,451.73398970419714,0.00041407477271424486
measured,46q_readout_raw_data.txt,46q,Bulk_Full,500,,447.549436581719,
measured,46q_readout_raw_data.txt,46q,Bulk_Full,1000,,417.3685611801754,0.0057952411330573625
measured,46q_readout_raw_data.txt,46q,Bulk_Full,2000,,417.36337508066464,0.0019786040714510167
measured,46q_readout_raw_data.txt,46q,Bulk_Full,3000,,417.01501433834665,0.0013158626044656964
measured,46q_readout_raw_data.txt,46q,Bulk_Full,4000,,1061.2554222532092,0.0044728339670488
measured,46q_readout_raw_data.txt,46q,Bulk_Full,5000,,923.6554720794627,0.00228345380038726
measured,46q_readout_raw_data.txt,46q,Bulk_Full,6000,,746.0467383466579,0.0026509904302156845
measured,46q_readout_raw_data.txt,46q,Bulk_Full,7000,,762.390573513753,0.00358959517519655
measured,46q_readout_raw_data.txt,46q,Bulk_Full,8000,,1069.7821204282873,0.004079303362156243
measured,46q_readout_raw_data.txt,46q,Bulk_Full,9000,,920.8784611555405,0.003560717709225745
measured,46q_readout_raw_data.txt,46q,Bulk_Full,10000,,754.6956327904426,0.0027671367837105664
measured,46q_readout_raw_data.txt,46q,Bulk_Full,15000,,445.46059669240407,0.0008812658268223666
measured,46q_readout_raw_data.txt,46q,Bulk_Full,20000,,639.9265211353525,0.0009155284399108201
measured,46q_readout_raw_data.txt,46q,Bulk_Full,30000,,471.8955996899224,0.00038204068471974693
measured,46q_readout_raw_data.txt,46q,Bulk_Full,40000,,384.78352011801803,0.00044629188119298775
measured,47q_readout_raw_data.txt,47q,1D_Snake,500,,463.1620667827506,
measured,47q_readout_raw_data.txt,47q,1D_Snake,1000,,443.8558782065355,0.004305052037942771
measured,47q_readout_raw_data.txt,47q,1D_Snake,2000,,435.3778198272113,0.0021558422383608934
measured,47q_readout_raw_data.txt,47q,1D_Snake,3000,,426.08012804650514,0.0020196360901961934
measured,47q_readout_raw_data.txt,47q,1D_Snake,4000,,1100.0210586242506,0.004815578715002269
measured,47q_readout_raw_data.txt,47q,1D_Snake,5000,,908.3061435451922,0.0020599096786838734
measured,47q_readout_raw_data.txt,47q,1D_Snake,6000,,606.8169930246145,0.002473821471460249
measured,47q_readout_raw_data.txt,47q,1D_Snake,7000,,626.4329380314944,0.003303676072591379
measured,47q_readout_raw_data.txt,47q,1D_Snake,8000,,907.9201787175352,0.004023933417075414
measured,47q_readout_raw_data.txt,47q,1D_Snake,9000,,790.107918924412,0.002519647521194743
measured,47q_readout_raw_data.txt,47q,1D_Snake,10000,,734.2365222055709,0.0035291959877041647
measured,47q_readout_raw_data.txt,47q,1D_Snake,15000,,795.815760295848,0.0008666160930737826
measured,47q_readout_raw_data.txt,47q,1D_Snake,20000,,320.28276561222503,0.0008999680408062418
measured,47q_readout_raw_data.txt,47q,1D_Snake,30000,,287.3324088700934,0.00035625925581056646
measured,47q_readout_raw_data.txt,47q,1D_Snake,40000,,324.7417421820898,0.0004619050001063603
measured,48q_readout_raw_data.txt,48q,Bulk_Full,500,,250.726563516863,
measured,48q_readout_raw_data.txt,48q,Bulk_Full,1000,,416.43923487769723,0.006192558879145387
measured,48q_readout_raw_data.txt,48q,Bulk_Full,2000,,405.7112042876557,0.002228696480200722
measured,48q_readout_raw_data.txt,48q,Bulk_Full,3000,,414.1147582719903,0.0015405604346235785
measured,48q_readout_raw_data.txt,48q,Bulk_Full,4000,,896.9578354470773,0.0040905651974318755
measured,48q_readout_raw_data.txt,48q,Bulk_Full,5000,,749.901039823443,0.0031605263258854053
measured,48q_readout_raw_data.txt,48q,Bulk_Full,6000,,727.1691684061931,0.0014803628877527912
measured,48q_readout_raw_data.txt,48q,Bulk_Full,7000,,565.4310270070433,0.0023368907799429686
measured,48q_readout_raw_data.txt,48q,Bulk_Full,8000,,1052.6612557506116,0.0045697635916982695
measured,48q_readout_raw_data.txt,48q,Bulk_Full,9000,,927.3708518541268,0.002413718435434192
measured,48q_readout_raw_data.txt,48q,Bulk_Full,10000,,741.0584895395386,0.002815635950276065
measured,48q_readout_raw_data.txt,48q,Bulk_Full,15000,,891.3694660303628,0.0007502668776995635
measured,48q_readout_raw_data.txt,48q,Bulk_Full,20000,,417.96221249871627,0.0008870968558957121
measured,48q_readout_raw_data.txt,48q,Bulk_Full,30000,,416.19145620060567,0.0004225442693617575
measured,48q_readout_raw_data.txt,48q,Bulk_Full,40000,,450.0511711196352,0.00037870710269895453
measured,49q_readout_raw_data.txt,49q,1D_Snake,500,,241.26937928472898,
measured,49q_readout_raw_data.txt,49q,1D_Snake,1000,,213.43769640993534,0.006275129611307218
measured,49q_readout_raw_data.txt,49q,1D_Snake,2000,,191.72121078258624,0.002179869033812251
measured,49q_readout_raw_data.txt,49q,1D_Snake,3000,,189.54686325192594,0.0013805888587995043
measured,49q_readout_raw_data.txt,49q,1D_Snake,4000,,1240.381061212811,0.005034046222443219
measured,49q_readout_raw_data.txt,49q,1D_Snake,5000,,1096.6477100950951,0.002621341556636082
measured,49q_readout_raw_data.txt,49q,1D_Snake,6000,,940.4850263239916,0.002608987382217999
measured,49q_readout_raw_data.txt,49q,1D_Snake,7000,,794.7871674759857,0.002661280909533199
measured,49q_readout_raw_data.txt,49q,1D_Snake,8000,,1044.6919247964875,0.004314675812344165
measured,49q_readout_raw_data.txt,49q,1D_Snake,9000,,799.5787643311644,0.0030152510100191605
measured,49q_readout_raw_data.txt,49q,1D_Snake,10000,,750.4551233347187,0.0025153475166957255
measured,49q_readout_raw_data.txt,49q,1D_Snake,15000,,539.0246446635329,0.0008158315946801568
measured,49q_readout_raw_data.txt,49q,1D_Snake,20000,,581.8883465490015,0.0007932275942243421
measured,49q_readout_raw_data.txt,49q,1D_Snake,30000,,459.1128751387297,0.0004084151740442116
measured,49q_readout_raw_data.txt,49q,1D_Snake,40000,,276.4939468407355,0.00036579964587018257
measured,50q_readout_raw_data.txt,50q,2D_Block,500,,388.4241807407627,
measured,50q_readout_raw_data.txt,50q,2D_Block,1000,,402.51130270726145,0.004510284730967815
measured,50q_readout_raw_data.txt,50q,2D_Block,2000,,203.02362434481554,0.0027069943617065934
measured,50q_readout_raw_data.txt,50q,2D_Block,3000,,201.87644055833684,0.0014367893747913056
measured,50q_readout_raw_data.txt,50q,2D_Block,4000,,1238.527488316665,0.00515027729997021
measured,50q_readout_raw_data.txt,50q,2D_Block,5000,,1103.7259136158368,0.0020795114229854176
measured,50q_readout_raw_data.txt,50q,2D_Block,6000,,934.5884349787647,0.0017766436903043632
measured,50q_readout_raw_data.txt,50q,2D_Block,7000,,753.9393125378432,0.003594693989667675
measured,50q_readout_raw_data.txt,50q,2D_Block,8000,,924.3627578479307,0.0038902954587772295
measured,50q_readout_raw_data.txt,50q,2D_Block,9000,,911.7677390604567,0.0028715783000441033
measured,50q_readout_raw_data.txt,50q,2D_Block,10000,,622.7543887954982,0.0034512149549721207
measured,50q_readout_raw_data.txt,50q,2D_Block,15000,,938.9072422854344,0.0009315413198850138
measured,50q_readout_raw_data.txt,50q,2D_Block,20000,,778.7821614436066,0.0008315046160797372
measured,50q_readout_raw_data.txt,50q,2D_Block,30000,,269.3127027774095,0.00043165130708781223
measured,50q_readout_raw_data.txt,50q,2D_Block,40000,,308.0399004514434,0.0003433003886298862
measured,51q_readout_raw_data.txt,51q,Bulk_Full,500,,395.5311012064294,
measured,51q_readout_raw_data.txt,51q,Bulk_Full,1000,,218.5292199851268,0.005839249271613516
measured,51q_readout_raw_data.txt,51q,Bulk_Full,2000,,207.6604872543509,0.0021111184921503903
measured,51q_readout_raw_data.txt,51q,Bulk_Full,3000,,200.45118737563578,0.0018244762153603695
measured,51q_readout_raw_data.txt,51q,Bulk_Full,4000,,1054.9632931826213,0.004722694886312756
measured,51q_readout_raw_data.txt,51q,Bulk_Full,5000,,906.8668748618272,0.002008268668831722
measured,51q_readout_raw_data.txt,51q,Bulk_Full,6000,,738.7067806903826,0.0026324977389139783
measured,51q_readout_raw_data.txt,51q,Bulk_Full,7000,,823.9200688541351,0.0034877933446369096
measured,51q_readout_raw_data.txt,51q,Bulk_Full,8000,,1108.5289823619867,0.00403871788872657
measured,51q_readout_raw_data.txt,51q,Bulk_Full,9000,,1092.0920591953613,0.003200756368653513
measured,51q_readout_raw_data.txt,51q,Bulk_Full,10000,,774.414233494307,0.0029261632441282904
measured,51q_readout_raw_data.txt,51q,Bulk_Full,15000,,804.6293350387879,0.0008577736183252787
measured,51q_readout_raw_data.txt,51q,Bulk_Full,20000,,366.2001586206509,0.0010041259461504766
measured,51q_readout_raw_data.txt,51q,Bulk_Full,30000,,509.40545985265476,0.0004561142507272487
measured,51q_readout_raw_data.txt,51q,Bulk_Full,40000,,305.0234971356889,0.0004064667404114038
measured,53q_readout_raw_data.txt,53q,Bulk_Full,500,,244.0354388748338,
measured,53q_readout_raw_data.txt,53q,Bulk_Full,1000,,233.69697810994865,0.0054580644167247765
measured,53q_readout_raw_data.txt,53q,Bulk_Full,2000,,204.67473153544543,0.002099812427555692
measured,53q_readout_raw_data.txt,53q,Bulk_Full,3000,,190.47563666074387,0.001667156911434551
measured,53q_readout_raw_data.txt,53q,Bulk_Full,4000,,1081.5515193054132,0.004869393172121615
measured,53q_readout_raw_data.txt,53q,Bulk_Full,5000,,902.7771123026274,0.0026408793910376246
measured,53q_readout_raw_data.txt,53q,Bulk_Full,6000,,738.331999338987,0.0020143029126985486
measured,53q_readout_raw_data.txt,53q,Bulk_Full,7000,,587.7877722675054,0.0034975233155226815
measured,53q_readout_raw_data.txt,53q,Bulk_Full,8000,,898.4270560234793,0.00378966954103808
measured,53q_readout_raw_data.txt,53q,Bulk_Full,9000,,599.9932854861496,0.0033228829396640793
measured,53q_readout_raw_data.txt,53q,Bulk_Full,10000,,741.9508706465457,0.003405682139181791
measured,53q_readout_raw_data.txt,53q,Bulk_Full,15000,,677.2350348272695,0.0009072702432559996
measured,53q_readout_raw_data.txt,53q,Bulk_Full,20000,,436.09281245882295,0.0008708848868836109
measured,53q_readout_raw_data.txt,53q,Bulk_Full,30000,,421.1464683898939,0.0004147855731981298
measured,53q_readout_raw_data.txt,53q,Bulk_Full,40000,,269.1421951506963,0.0003752338944083821
